0.58704,0.20774,0
0.30125,0.47092,1
0.23049,0.84431,0
0.19476,0.22592,0
0.17071,0.22766,0
0.4357,0.3111,1
0.92338,0.43021,0
0.18482,0.90488,0
0.97975,0.43887,0
0.11112,0.25806,0
0.40872,0.5949,1
0.26221,0.60284,1
0.71122,0.22175,0
0.11742,0.29668,0
0.31878,0.42417,1
0.50786,0.085516,0
0.26248,0.80101,0
0.02922,0.92885,0
0.73033,0.48861,1
0.57853,0.23728,0
0.45885,0.96309,1
0.54681,0.52114,1
0.23159,0.4889,0
0.62406,0.67914,1
0.39552,0.36744,1
0.98798,0.037739,0
0.88517,0.91329,0
0.79618,0.098712,0
0.26187,0.33536,1
0.67973,0.13655,0
0.72123,0.10676,0
0.65376,0.49417,1
0.77905,0.71504,0
0.90372,0.89092,0
0.33416,0.69875,1
0.19781,0.030541,0
0.74407,0.50002,1
0.47992,0.90472,1
0.60987,0.61767,1
0.85944,0.80549,0
0.57672,0.18292,0
0.23993,0.88651,0
0.028674,0.4899,0
0.16793,0.97868,0
0.71269,0.50047,1
0.47109,0.059619,0
0.68197,0.042431,0
0.071445,0.52165,0
0.09673,0.81815,0
0.81755,0.72244,0
0.14987,0.65961,0
0.51859,0.97297,1
0.64899,0.80033,0
0.4538,0.43239,1
0.82531,0.08347,0
0.13317,0.17339,0
0.39094,0.83138,0
0.80336,0.060471,0
0.39926,0.52688,1
0.4168,0.65686,1
0.62797,0.29198,1
0.43165,0.015487,0
0.98406,0.16717,0
0.10622,0.37241,0
0.19812,0.48969,0
0.33949,0.95163,0
0.92033,0.052677,0
0.73786,0.26912,1
0.42284,0.54787,1
0.94274,0.41774,0
0.98305,0.30145,0
0.7011,0.66634,1
0.53913,0.69811,1
0.66653,0.17813,0
0.12801,0.99908,0
0.17112,0.032601,0
0.5612,0.88187,1
0.66918,0.19043,0
0.36892,0.46073,1
0.98164,0.1564,0
0.85552,0.64476,0
0.37627,0.19092,0
0.42825,0.48202,1
0.12061,0.58951,0
0.22619,0.38462,0
0.58299,0.25181,1
0.29044,0.61709,1
0.26528,0.82438,0
0.98266,0.73025,0
0.34388,0.58407,1
0.10777,0.90631,0
0.87965,0.81776,0
0.26073,0.59436,1
0.022513,0.42526,0
0.31272,0.16148,0
0.17877,0.42289,0
0.094229,0.59852,0
0.47092,0.69595,1
0.69989,0.63853,1
0.033604,0.068806,0
0.3196,0.53086,1
0.65445,0.40762,1
0.81998,0.71836,0
0.96865,0.53133,0
0.32515,0.10563,0
0.61096,0.7788,0
0.42345,0.090823,0
0.26647,0.15366,0
0.28101,0.44009,1
0.52714,0.45742,1
0.87537,0.51805,0
0.94362,0.63771,0
0.95769,0.24071,0
0.67612,0.28906,1
0.67181,0.69514,1
0.067993,0.25479,0
0.22404,0.66783,0
0.84439,0.34446,0
0.78052,0.67533,0
0.0067153,0.60217,0
0.38677,0.91599,0
0.0011511,0.46245,0
0.42435,0.46092,1
0.77016,0.32247,0
0.78474,0.47136,0
0.035763,0.17587,0
0.72176,0.47349,1
0.15272,0.34112,0
0.60739,0.19175,0
0.73843,0.24285,0
0.91742,0.26906,0
0.7655,0.18866,0
0.2875,0.091113,0
0.57621,0.68336,1
0.54659,0.42573,1
0.64444,0.64762,1
0.67902,0.63579,1
0.94517,0.20893,0
0.70928,0.23623,0
0.1194,0.6073,0
0.45014,0.45873,1
0.66194,0.77029,0
0.35022,0.66201,1
0.41616,0.84193,1
0.83292,0.25644,0
0.61346,0.58225,1
0.54074,0.86994,1
0.26478,0.31807,1
0.11921,0.93983,0
0.64555,0.47946,1
0.63932,0.54472,1
0.64731,0.54389,1
0.72105,0.5225,1
0.9937,0.21868,0
0.1058,0.1097,0
0.063591,0.40458,0
0.44837,0.36582,1
0.7635,0.6279,0
0.77198,0.93285,0
0.97274,0.19203,0
0.13887,0.69627,0
0.09382,0.5254,0
0.53034,0.86114,1
0.48485,0.39346,1
0.67143,0.74126,1
0.52005,0.34771,1
0.15,0.58609,0
0.26215,0.044454,0
0.75493,0.24279,0
0.4424,0.6878,1
0.35923,0.73634,1
0.39471,0.68342,1
0.70405,0.44231,1
0.019578,0.33086,0
0.42431,0.27027,1
0.19705,0.82172,0
0.42992,0.88777,1
0.39118,0.76911,0
0.39679,0.80851,0
0.75508,0.3774,0
0.21602,0.79041,0
0.9493,0.32757,0
0.67126,0.43864,1
0.8335,0.76885,0
0.16725,0.86198,0
0.98987,0.51442,0
0.88428,0.58803,0
0.15475,0.19986,0
0.40695,0.74871,1
0.82558,0.78996,0
0.31852,0.53406,1
0.089951,0.11171,0
0.13629,0.67865,0
0.49518,0.18971,0
0.49501,0.14761,0
0.054974,0.85071,0
0.56056,0.92961,1
0.69667,0.58279,1
0.8154,0.87901,0
0.98891,0.00052238,0
0.86544,0.61257,0
0.98995,0.52768,0
0.47952,0.80135,1
0.22784,0.49809,0
0.90085,0.57466,0
0.84518,0.73864,0
0.58599,0.24673,0
0.66642,0.083483,0
0.62596,0.66094,1
0.72975,0.89075,0
0.9823,0.76903,0
0.58145,0.92831,1
0.58009,0.016983,0
0.12086,0.86271,0
0.4843,0.84486,1
0.20941,0.55229,0
0.62988,0.031991,0
0.61471,0.36241,1
0.049533,0.48957,0
0.19251,0.12308,0
0.20549,0.14651,0
0.18907,0.042652,0
0.6352,0.28187,1
0.5386,0.69516,1
0.49912,0.5358,1
0.44518,0.12393,0
0.49036,0.853,1
0.87393,0.27029,0
0.20846,0.56498,0
0.64031,0.41703,1
0.20598,0.94793,0
0.082071,0.10571,0
0.14204,0.16646,0
0.62096,0.57371,1
0.052078,0.9312,0
0.72866,0.73784,1
0.063405,0.86044,0
0.93441,0.9844,0
0.85894,0.78556,0
0.51338,0.1776,0
0.39859,0.13393,0
0.03089,0.93914,0
0.30131,0.29553,1
0.33294,0.46707,1
0.6482,0.025228,0
0.84221,0.55903,0
0.8541,0.34788,0
0.44603,0.054239,0
0.17711,0.66281,0
0.33083,0.89849,0
0.11816,0.98842,0
0.53998,0.70692,1
0.99949,0.28785,0
0.41452,0.46484,1
0.76396,0.8182,0
0.10022,0.17812,0
0.35963,0.056705,0
0.52189,0.33585,1
0.17567,0.20895,0
0.90515,0.67539,0
0.46847,0.91213,1
0.10401,0.74555,0
0.73627,0.56186,1
0.18419,0.59721,0
0.29994,0.13412,0
0.2126,0.89494,0
0.071453,0.24249,0
0.053754,0.44172,0
0.013283,0.89719,0
0.19666,0.093371,0
0.30737,0.45606,1
0.10167,0.99539,0
0.33209,0.29735,1
0.062045,0.29824,0
0.046351,0.50543,0
0.76143,0.63107,0
0.089892,0.080862,0
0.77724,0.90513,0
0.53377,0.10915,0
0.82581,0.3381,0
0.29397,0.74631,1
0.010337,0.048447,0
0.66792,0.60347,1
0.5261,0.72971,1
0.70725,0.78138,0
0.28798,0.69253,1
0.55667,0.39652,1
0.061591,0.78018,0
0.33758,0.60787,1
0.74125,0.10481,0
0.12789,0.54954,0
0.48523,0.89048,1
0.79896,0.73434,0
0.051332,0.072885,0
0.088527,0.79835,0
0.94301,0.68372,0
0.13208,0.72272,0
0.11035,0.11749,0
0.64072,0.32881,1
0.65381,0.74913,1
0.58319,0.74003,1
0.23483,0.73496,0
0.9706,0.86693,0
0.086235,0.36644,0
0.3692,0.68503,1
0.59794,0.78936,1
0.36765,0.20603,0
0.086667,0.77193,0
0.20567,0.38827,0
0.55178,0.22895,0
0.64194,0.48448,1
0.15185,0.78193,0
0.10061,0.29407,0
0.23737,0.53087,0
0.091499,0.40532,0
0.10485,0.11228,0
0.78443,0.29157,0
0.60353,0.96442,0
0.43248,0.69475,1
0.7581,0.43264,0
0.6555,0.10976,0
0.93376,0.18746,0
0.26618,0.79783,0
0.4876,0.76896,1
0.39601,0.27294,1
0.037235,0.67329,0
0.42956,0.45174,1
0.60986,0.059403,0
0.31581,0.77272,0
0.69643,0.12533,0
0.13015,0.092352,0
0.0078203,0.42311,0
0.65557,0.72292,1
0.53121,0.10882,0
0.63177,0.1265,0
0.1343,0.098594,0
0.14203,0.16825,0
0.19625,0.31748,0
0.31643,0.21756,0
0.25104,0.89292,0
0.70322,0.55574,1
0.18443,0.21203,0
0.077347,0.9138,0
0.70672,0.55779,1
0.31343,0.1662,0
0.6225,0.98793,0
0.17043,0.25779,0
0.3968,0.073995,0
0.6841,0.40239,1
0.98284,0.40218,0
0.62067,0.15437,0
0.38135,0.16113,0
0.75811,0.87111,0
0.35078,0.68554,1
0.29415,0.53063,1
0.83242,0.59749,0
0.33531,0.29923,1
0.45259,0.42265,1
0.35961,0.55832,1
0.74255,0.42433,1
0.42936,0.12487,0
0.024434,0.29019,0
0.31752,0.65369,1
0.95694,0.93573,0
0.45789,0.24048,0
0.7639,0.75933,0
0.74065,0.74369,1
0.10592,0.68156,0
0.46326,0.21216,0
0.098519,0.82357,0
0.17501,0.16357,0
0.66599,0.89439,0
0.51656,0.7027,1
0.15359,0.95346,0
0.54088,0.67973,1
0.036563,0.8092,0
0.74862,0.12019,0
0.52505,0.32583,1
0.54645,0.39888,1
0.41509,0.18074,0
0.25539,0.020536,0
0.92368,0.6537,0
0.93261,0.16351,0
0.9211,0.79466,0
0.57739,0.44004,1
0.25761,0.75195,0
0.22867,0.064187,0
0.76733,0.6712,0
0.71521,0.64206,1
0.41905,0.39076,1
0.81614,0.31743,0
0.81454,0.78907,0
0.85226,0.50564,0
0.63566,0.95089,0
0.44396,0.060019,0
0.86675,0.63119,0
0.35507,0.997,0
0.22417,0.65245,0
0.60499,0.38725,1
0.14219,0.025135,0
0.42111,0.1841,0
0.72578,0.37036,1
0.84156,0.73423,0
0.57103,0.17686,0
0.95738,0.26532,0
0.92458,0.22377,0
0.37356,0.0875,0
0.64012,0.18062,0
0.045051,0.72317,0
0.34744,0.66062,1
0.38387,0.62735,1
0.02165,0.91057,0
0.80056,0.74585,0
0.81311,0.38331,0
0.61728,0.57549,1
0.53005,0.27507,1
0.24863,0.45164,0
0.22771,0.80445,0
0.9861,0.029992,0
0.53566,0.087077,0
0.80209,0.98914,0
0.066946,0.9394,0
0.018178,0.68384,0
0.78374,0.53414,0
0.88536,0.899,0
0.62594,0.13787,0
0.2178,0.18214,0
0.04182,0.10694,0
0.61644,0.93966,0
0.35446,0.41063,1
0.98435,0.94558,0
0.67664,0.9883,0
0.76683,0.3367,0
0.66238,0.24417,0
0.29551,0.68018,1
0.52785,0.41159,1
0.60264,0.75052,0
0.58353,0.55179,1
0.58357,0.51182,1
0.082593,0.71957,0
0.99616,0.35453,0
0.97126,0.34645,0
0.88654,0.45469,0
0.41343,0.21773,0
0.12565,0.30891,0
0.7261,0.78287,0
0.69379,0.0098023,0
0.84321,0.92233,0
0.77095,0.04266,0
0.37819,0.70434,1
0.72951,0.22428,0
0.26905,0.67303,1
0.47749,0.62372,1
0.23644,0.17712,0
0.82964,0.76692,0
0.93448,0.10789,0
0.18223,0.099095,0
0.48976,0.19325,0
0.89589,0.09909,0
0.044166,0.5573,0
0.7725,0.31194,0
0.17898,0.33896,0
0.21015,0.51015,0
0.90636,0.62892,0
0.10153,0.39085,0
0.054617,0.50128,0
0.43172,0.99756,1
0.8116,0.48565,0
0.89445,0.13755,0
0.39,0.92736,0
0.91749,0.71357,0
0.61834,0.34329,1
0.93603,0.12477,0
0.73059,0.64648,1
0.83315,0.39828,0
0.74982,0.83522,0
0.32246,0.55226,1
0.97913,0.54931,0
0.33042,0.61947,1
0.36064,0.75651,0
0.4139,0.49235,1
0.69474,0.97273,0
0.32775,0.8378,0
0.73907,0.95417,0
0.031923,0.35687,0
0.66265,0.2815,1
0.23038,0.71113,0
0.62457,0.59061,1
0.66044,0.047555,0
0.34878,0.45134,1
0.2409,0.71505,0
0.85618,0.28151,0
0.73105,0.13776,0
0.83672,0.1386,0
0.58821,0.36616,1
0.80676,0.50378,0
0.48959,0.87705,1
0.35314,0.44944,1
0.96353,0.042298,0
0.97296,0.18921,0
0.66712,0.58644,1
0.67511,0.36102,1
0.62028,0.81115,0
0.019257,0.083874,0
0.9748,0.65135,0
0.23124,0.40349,0
0.12202,0.26844,0
0.25785,0.33167,1
0.15223,0.34801,0
0.12166,0.88415,0
0.094278,0.93004,0
0.39902,0.047401,0
0.34237,0.73597,1
0.79468,0.54491,0
0.68622,0.89363,0
0.054792,0.30366,0
0.046192,0.19548,0
0.72017,0.72175,1
0.8778,0.58243,0
0.070684,0.92274,0
0.80037,0.28595,0
0.54366,0.98478,1
0.71568,0.83897,0
0.43326,0.47062,1
0.56071,0.26909,1
0.74902,0.50389,1
0.64681,0.30775,1
0.13872,0.47557,0
0.36246,0.78811,0
0.7803,0.66851,0
0.1335,0.021556,0
0.55984,0.30082,1
0.93941,0.9809,0
0.28662,0.80082,0
0.89611,0.59753,0
0.88402,0.94373,0
0.54916,0.72839,1
0.57676,0.025857,0
0.44653,0.6463,1
0.5212,0.37231,1
0.93713,0.82953,0
0.84909,0.37253,0
0.59318,0.87255,1
0.9335,0.66846,0
0.20678,0.65385,0
0.072052,0.40673,0
0.66693,0.93373,0
0.81095,0.48455,0
0.75675,0.41705,0
0.97179,0.98797,0
0.86415,0.38888,0
0.45474,0.24669,0
0.78442,0.88284,0
0.91371,0.55828,0
0.59887,0.14888,0
0.89971,0.45039,0
0.20567,0.89965,0
0.76259,0.88249,0
0.28495,0.67323,1
0.66428,0.12281,0
0.40732,0.27529,1
0.71667,0.28338,1
0.8962,0.82658,0
0.39003,0.4979,1
0.69481,0.83437,0
0.60963,0.57474,1
0.32604,0.45642,1
0.7138,0.88441,0
0.72086,0.018613,0
0.67478,0.43851,1
0.43782,0.11704,0
0.81468,0.32486,0
0.24623,0.34271,0
0.37569,0.54655,1
0.56192,0.39582,1
0.39813,0.51537,1
0.65753,0.95092,0
0.72235,0.40008,1
0.83187,0.13434,0
0.060467,0.084247,0
0.1639,0.32422,0
0.30173,0.011681,0
0.53991,0.095373,0
0.14651,0.63114,0
0.85932,0.97422,0
0.57084,0.99685,1
0.55354,0.51546,1
0.33068,0.43,1
0.49181,0.071037,0
0.88774,0.064634,0
0.43618,0.82663,1
0.39453,0.61347,1
0.81864,0.88624,0
0.93111,0.19078,0
0.25858,0.89787,0
0.59336,0.50384,1
0.61281,0.81942,0
0.53189,0.20208,0
0.45389,0.42791,1
0.96605,0.62006,0
0.69539,0.72016,1
0.3469,0.51699,1
0.55669,0.1565,0
0.56206,0.6948,1
0.42646,0.83627,1
0.73139,0.36003,1
0.45421,0.38639,1
0.77555,0.73427,0
0.43028,0.69375,1
0.94521,0.78423,0
0.70557,0.10933,0
0.38993,0.5909,1
0.45938,0.05034,0
0.22869,0.83419,0
0.015645,0.86371,0
0.078069,0.66904,0
0.50021,0.21799,0
0.57162,0.12219,0
0.67117,0.59959,1
0.055976,0.056343,0
0.1525,0.019621,0
0.43518,0.83222,1
0.61739,0.52013,1
0.86387,0.097698,0
0.90805,0.10802,0
0.517,0.14316,0
0.55937,0.0045796,0
0.76668,0.84871,0
0.91682,0.98697,0
0.50513,0.27142,1
0.10075,0.50785,0
0.58561,0.76289,1
0.082963,0.6616,0
0.51698,0.17105,0
0.93856,0.59048,0
0.44063,0.94192,1
0.65591,0.45195,1
0.8397,0.53262,0
0.55389,0.68007,1
0.36719,0.23929,0
0.57892,0.86689,1
0.40678,0.11262,0
0.44385,0.30018,1
0.40139,0.83336,1
0.40363,0.39018,1
0.36045,0.14026,0
0.26013,0.086815,0
0.4294,0.25728,1
0.29756,0.42486,1
0.11921,0.49507,0
0.70641,0.24357,0
0.78507,0.07409,0
0.39388,0.0033941,0
0.22068,0.0013006,0
0.18918,0.14248,0
0.26808,0.17489,0
0.13865,0.59889,0
0.90106,0.93938,0
0.22118,0.48267,0
0.37601,0.52378,1
0.26487,0.068357,0
0.43633,0.17385,0
0.026107,0.95468,0
0.4306,0.96156,1
0.76241,0.0073487,0
0.68004,0.70595,1
0.64513,0.55231,1
0.21811,0.77237,0
0.22803,0.37086,0
0.89093,0.85638,0
0.40243,0.31802,1
0.60864,0.9102,0
0.9091,0.59159,0
0.33257,0.85306,0
0.4424,0.90436,1
0.033179,0.53243,0
0.7165,0.1793,0
0.33653,0.18771,0
0.32193,0.40386,1
0.54857,0.048739,0
0.55273,0.27481,1
0.2415,0.24315,0
0.15416,0.95642,0
0.93566,0.81871,0
0.72826,0.17581,0
0.36037,0.18879,0
0.0011984,0.31642,0
0.69962,0.62526,1
0.54306,0.43904,1
0.28743,0.50166,1
0.76155,0.76241,0
0.57606,0.74766,1
0.64553,0.12322,0
0.5044,0.34726,1
0.092148,0.14785,0
0.19817,0.67227,0
0.43151,0.6944,1
0.25678,0.0097586,0
0.53228,0.27939,1
0.94623,0.90644,0
0.39268,0.024855,0
0.67144,0.83717,0
0.9715,0.056933,0
0.45032,0.58247,1
0.68664,0.71943,1
0.65004,0.72691,1
0.37385,0.58158,1
0.11612,0.057654,0
0.97977,0.28482,0
0.59497,0.96216,1
0.18578,0.19304,0
0.34164,0.9329,0
0.39067,0.27322,1
0.15195,0.39711,0
0.37472,0.13111,0
0.43504,0.091513,0
0.61463,0.010979,0
0.57326,0.78973,1
0.23537,0.44802,0
0.56936,0.061401,0
0.49629,0.64232,1
0.22127,0.83706,0
0.97108,0.84637,0
0.506,0.27888,1
0.74662,0.23693,0
0.95735,0.62026,0
0.60026,0.1726,0
0.090347,0.25526,0
0.85857,0.91107,0
0.69963,0.72518,1
0.22989,0.57605,0
0.81063,0.40384,0
0.98844,0.089999,0
0.32094,0.51141,1
0.060606,0.72569,0
0.55656,0.52936,1
0.82998,0.85876,0
0.78903,0.31783,0
0.45221,0.75223,1
0.10986,0.10974,0
0.26988,0.52464,1
0.97265,0.71041,0
0.31186,0.29146,1
0.85036,0.91165,0
0.63928,0.25537,1
0.088666,0.83826,0
0.58472,0.94811,1
0.061029,0.58464,0
0.28511,0.82773,0
0.19099,0.44253,0
0.39341,0.82657,0
0.67687,0.2076,0
0.3181,0.13381,0
0.67146,0.57099,1
0.16977,0.14766,0
0.47608,0.9081,1
0.55218,0.03294,0
0.053863,0.80506,0
0.45137,0.38265,1
0.78964,0.36429,0
0.53235,0.71166,1
0.87148,0.32869,0
0.65012,0.97484,0
0.075967,0.58702,0
0.41389,0.30914,1
0.26383,0.75877,0
0.99522,0.18657,0
0.78115,0.1958,0
0.99236,0.80226,0
0.42423,0.72886,1
0.49835,0.80899,1
0.35651,0.073243,0
0.59099,0.91019,1
0.19377,0.43237,0
0.74916,0.039184,0
0.94632,0.76367,0
0.55882,0.18384,0
0.49795,0.51785,1
0.99424,0.85485,0
0.9624,0.67894,0
0.4035,0.93498,1
0.47948,0.23179,0
0.39629,0.70508,1
0.55856,0.75663,1
0.99548,0.96243,0
0.53507,0.96387,1
0.11563,0.051448,0
0.30435,0.58019,1
0.53096,0.90121,1
0.54055,0.43198,1
0.54267,0.71241,1
0.016675,0.80092,0
0.14251,0.47847,0
0.25684,0.36909,1
0.66176,0.16961,0
0.27878,0.19822,0
0.19507,0.32684,0
0.88034,0.4711,0
0.40397,0.17923,0
0.96892,0.40746,0
0.84449,0.61533,0
0.37661,0.87718,0
0.78485,0.46495,0
0.81398,0.89844,0
0.42924,0.33433,1
0.59665,0.90199,1
0.70207,0.37746,1
0.73496,0.9541,0
0.54281,0.54011,1
0.31111,0.071235,0
0.18198,0.092989,0
0.46349,0.0093325,0
0.91503,0.64274,0
0.0014191,0.030385,0
0.20847,0.45497,0
0.12727,0.0086477,0
0.72708,0.35412,1
0.78045,0.43666,0
0.43655,0.049213,0
0.049632,0.0911,0
0.59404,0.24108,0
0.84137,0.85721,0
0.96361,0.4889,0
0.22031,0.22621,0
0.53679,0.76211,1
0.34757,0.46123,1
0.63932,0.91734,0
0.16157,0.71564,0
0.57774,0.4333,1
0.88424,0.39305,0
0.17898,0.63333,0
0.624,0.32794,1
0.80297,0.99948,0
0.98098,0.12704,0
0.23224,0.023632,0
0.60743,0.11081,0
0.40746,0.88408,1
0.54813,0.369,1
0.20835,0.44094,0
0.9562,0.12403,0
0.47076,0.8569,1
0.04339,0.69163,0
0.97899,0.28327,0
0.13378,0.68528,0
0.90945,0.61087,0
0.89998,0.19343,0
0.75442,0.34626,0
0.41863,0.15572,0
0.819,0.62492,0
0.73856,0.80511,0
0.067223,0.95079,0
0.49758,0.75515,1
0.74241,0.83113,0
0.1565,0.45731,0
0.6181,0.93218,0
0.83509,0.89542,0
0.58252,0.58275,1
0.85493,0.034866,0
0.88542,0.40773,0
0.036382,0.74615,0
0.15483,0.14391,0
0.60596,0.25448,1
0.32415,0.40179,1
0.40637,0.38619,1
0.6098,0.16689,0
0.18809,0.094629,0
0.32319,0.7696,0
0.23412,0.74037,0
0.69282,0.82408,0
0.82798,0.29337,0
0.30937,0.52303,1
0.3253,0.83184,0
0.81029,0.557,0
0.26296,0.68057,1
0.23365,0.45643,0
0.38457,0.5386,1
0.9917,0.75522,0
0.98045,0.23478,0
0.52856,0.051436,0
0.75688,0.60198,0
0.85717,0.98828,0
0.92948,0.40951,0
0.00034146,0.54088,0
0.20773,0.21928,0
0.32581,0.095949,0
0.74753,0.74851,1
0.5433,0.33813,1
0.83233,0.55257,0
0.95754,0.89283,0
0.3565,0.5464,1
0.34668,0.6228,1
0.79662,0.74587,0
0.12554,0.82239,0
0.025151,0.41443,0
0.73141,0.78137,0
0.36729,0.74487,1
0.89227,0.2426,0
0.1296,0.22507,0
0.35001,0.28708,1
0.92749,0.051314,0
0.59267,0.1629,0
0.83841,0.16756,0
0.5022,0.99933,1
0.35541,0.047078,0
0.21366,0.39784,0
0.33367,0.2296,0
0.93612,0.68319,0
0.96211,0.43797,0
0.94034,0.0058343,0
0.61031,0.80108,0
0.23298,0.93247,0
0.76326,0.82645,0
0.57346,0.79258,1
0.32904,0.22346,0
0.31239,0.58452,1
0.82991,0.29046,0
0.40255,0.86206,1
0.61474,0.99119,0
0.2037,0.82721,0
0.67586,0.24895,0
0.47579,0.39908,1
0.59944,0.80052,1
0.10507,0.82144,0
0.84109,0.35451,0
0.43007,0.57224,1
0.70082,0.74247,1
0.75788,0.38913,0
0.4293,0.95634,1
0.57297,0.84972,1
0.27635,0.62232,1
0.58836,0.96347,1
0.085903,0.5005,0
0.52159,0.090166,0
0.90467,0.88439,0
0.43899,0.78172,1
0.14847,0.61982,0
0.26062,0.44566,1
0.844,0.1962,0
0.30385,0.48329,1
0.33781,0.79849,0
0.98749,0.15905,0
0.23688,0.70224,0
0.37547,0.9737,0
0.97231,0.6437,0
0.8601,0.40188,0
0.63193,0.98524,0
0.55948,0.93359,1
0.72034,0.48404,1
0.63903,0.88764,0
0.19874,0.39537,0
0.99218,0.40235,0
0.65886,0.90135,0
0.99538,0.65316,0
0.10844,0.036114,0
0.61809,0.56714,1
0.96196,0.74611,0
0.66252,0.52331,1
0.25989,0.96199,0
0.5402,0.03027,0
0.69631,0.51972,1
0.059031,0.89004,0
0.3302,0.2297,0
0.11395,0.31092,0
0.22843,0.652,0
0.06616,0.27543,0
0.28182,0.88007,0
0.44433,0.75591,1
0.6033,0.78327,0
0.11393,0.97856,0
0.8486,0.050646,0
0.4662,0.32565,1
0.63021,0.2303,0
0.57988,0.60316,1
0.59988,0.44843,1
0.035423,0.51381,0
0.40773,0.10805,0
0.45988,0.45088,1
0.55114,0.8054,1
0.70085,0.87224,0
0.052192,0.21968,0
0.45964,0.95853,1
0.79005,0.45187,0
0.33343,0.059095,0
0.74091,0.50679,1
0.19993,0.42719,0
0.16869,0.75169,0
0.36835,0.94182,0
0.017173,0.82906,0
0.62659,0.53875,1
0.65051,0.72663,1
0.094489,0.87757,0
0.014362,0.2943,0
0.17991,0.92629,0
0.06818,0.58109,0
0.63715,0.65127,1
0.86462,0.055953,0
0.81686,0.52892,0
0.69435,0.2124,0
0.54328,0.70252,1
0.95643,0.44454,0
0.085398,0.05734,0
0.62945,0.79618,0
0.69119,0.34531,1
0.94682,0.52019,0
0.95381,0.073596,0
0.20703,0.77503,0
0.91419,0.78255,0
0.29553,0.15185,0
0.84791,0.78485,0
0.27083,0.22781,0
0.32102,0.82956,0
0.82218,0.57068,0
0.57183,0.28602,1
0.69913,0.79626,0
0.44159,0.44622,1
0.46566,0.27904,1
0.67538,0.90366,0
0.90853,0.7472,0
0.26051,0.68964,1
0.13183,0.1235,0
0.1909,0.14573,0
0.58504,0.073362,0
0.82233,0.7229,0
0.92586,0.49264,0
0.65488,0.89012,0
0.53853,0.28221,1
0.97596,0.036426,0
0.32624,0.97301,0
0.36503,0.30915,1
0.12091,0.91577,0
0.13548,0.33212,0
0.89748,0.49965,0
0.61529,0.58313,1
0.69825,0.029332,0
0.52788,0.032073,0
0.82714,0.33999,0
0.84671,0.24607,0
0.58149,0.93768,1
0.047787,0.053978,0
0.020618,0.68148,0
0.59863,0.11403,0
0.79625,0.61785,0
0.070214,0.069279,0
0.13601,0.78889,0
0.092398,0.23787,0
0.24365,0.10482,0
0.85835,0.6982,0
0.73374,0.65053,1
0.51627,0.32639,1
0.66178,0.11757,0
0.14782,0.019765,0
0.96429,0.97037,0
0.12386,0.46741,0
0.65669,0.29019,1
0.75454,0.55812,0
0.42779,0.26719,1
0.75374,0.89838,0
0.72844,0.40683,1
0.93832,0.25543,0
0.53316,0.95475,1
0.26775,0.25008,1
0.92767,0.068582,0
0.2994,0.59158,1
0.2033,0.63588,0
0.79837,0.5017,0
0.65081,0.79595,0
0.23337,0.60084,0
0.11246,0.51577,0
0.83784,0.92079,0
0.49823,0.27761,1
0.65252,0.9173,0
0.50984,0.97419,1
0.19728,0.11118,0
0.29735,0.39642,1
0.42076,0.31148,1
0.69384,0.091872,0
0.40209,0.29518,1
0.3065,0.10556,0
0.59383,0.28273,1
0.15522,0.00065867,0
0.2836,0.55081,1
0.8709,0.042253,0
0.90472,0.13097,0
0.83373,0.80047,0
0.91788,0.1373,0
0.50473,0.40496,1
0.17357,0.57518,0
0.60622,0.21445,0
0.51993,0.98919,1
0.48992,0.69487,1
0.41142,0.034777,0
0.29283,0.80144,0
0.3465,0.083316,0
0.51111,0.36683,1
0.73948,0.52474,1
0.80452,0.81691,0
0.18947,0.12369,0
0.821,0.6379,0
0.01612,0.89595,0
0.51538,0.54452,1
0.60644,0.76044,0
0.85535,0.38287,0
0.084649,0.73387,0
0.33199,0.83975,0
0.37172,0.82822,0
0.17652,0.12952,0
0.87988,0.044079,0
0.68672,0.73377,1
0.43717,0.37984,1
0.97966,0.39899,0
0.44019,0.15681,0
0.32603,0.31406,1
0.8945,0.24702,0
0.31068,0.40887,1
0.70801,0.14364,0
0.87132,0.083156,0
0.46174,0.030389,0
0.7532,0.70004,0
0.21451,0.6799,0
0.55729,0.85068,1
0.55857,0.90177,1
0.41952,0.35813,1
0.48899,0.25596,1
0.92917,0.46676,0
0.25401,0.43122,1
0.70253,0.40233,1
0.18184,0.85625,0
0.5842,0.37358,1
0.22169,0.21899,0
0.52223,0.43342,1
0.7413,0.07045,0
0.84733,0.67988,0
0.13665,0.8584,0
0.19983,0.60734,0
0.54304,0.16232,0
0.0056531,0.77149,0
0.76479,0.42107,0
0.056813,0.58575,0
0.17416,0.72861,0
0.53429,0.25306,1
0.91706,0.75819,0
0.88703,0.068798,0
0.18353,0.73707,0
0.69671,0.77699,0
0.5019,0.4255,1
0.61124,0.85577,0
0.6708,0.52359,1
0.29882,0.70397,1
0.38161,0.56768,1
0.88786,0.84295,0
0.8988,0.939,0
0.81544,0.0013578,0
0.0030907,0.087469,0
0.26073,0.022799,0
0.42408,0.34106,1
0.54135,0.92617,1
0.2985,0.33808,1
0.85948,0.34048,0
0.13812,0.5078,0
0.85666,0.38431,0
0.69569,0.6279,1
0.45039,0.47362,1
0.94971,0.083498,0
0.27983,0.44701,1
0.58757,0.87763,1
0.4691,0.43742,1
0.74618,0.46791,1
0.86083,0.46651,0
0.4981,0.48743,1
0.22947,0.085552,0
0.067383,0.88839,0
0.23317,0.8616,0
0.71174,0.87281,0
0.938,0.13969,0
0.3939,0.98056,0
0.64479,0.89641,0
0.48223,0.014093,0
0.62288,0.2311,0
0.52743,0.72499,1
0.60742,0.58837,1
0.43343,0.24417,0
0.42896,0.010177,0
0.60882,0.95798,0
0.095447,0.035591,0
0.88624,0.24694,0
0.0089151,0.81492,0
0.1405,0.87987,0
0.095377,0.35256,0
0.59342,0.58518,1
0.66768,0.64803,1
0.43337,0.13976,0
0.75193,0.24179,0
0.65046,0.85737,0
0.08437,0.97209,0
0.03146,0.8354,0
0.83571,0.049858,0
0.54589,0.94317,1
0.32147,0.80647,0
0.6014,0.78962,0
0.79919,0.049565,0
0.2832,0.65346,1
0.48966,0.97285,1
0.74849,0.56784,1
0.29896,0.25611,1
0.88656,0.4468,0
0.81599,0.098337,0
0.85959,0.027629,0
0.89916,0.89994,0
0.52411,0.1202,0
0.17779,0.70611,0
0.83136,0.034834,0
0.75784,0.95711,0
0.34287,0.63824,1
0.34301,0.21647,0
0.7862,0.72309,0
0.27884,0.58243,1
0.42101,0.092069,0
0.024027,0.49115,0
0.27827,0.33976,1
0.28735,0.1709,0
0.39926,0.69765,1
0.20368,0.66633,0
0.44307,0.4333,1
0.17524,0.1932,0
0.61642,0.26901,1
0.55968,0.94478,1
0.71447,0.67922,1
0.95938,0.77533,0
0.60773,0.948,0
0.059642,0.26871,0
0.98668,0.77221,0
0.47535,0.6809,1
0.41693,0.38015,1
0.21327,0.38294,0
0.029668,0.47232,0
0.33337,0.97584,0
0.55544,0.8463,1
0.40806,0.46202,1
0.82631,0.9912,0
0.52395,0.92544,1
0.73902,0.56743,1
0.96878,0.8245,0
0.95961,0.64635,0
0.37957,0.47657,1
0.91189,0.014854,0
0.15669,0.47157,0
0.54299,0.059691,0
0.65803,0.88964,0
0.10963,0.43777,0
0.28023,0.98525,0
0.60876,0.25375,1
0.13261,0.545,0
0.8278,0.83701,0
0.83335,0.20372,0
0.54442,0.87494,1
0.121,0.85635,0
0.89978,0.21787,0
0.076979,0.47422,0
0.83503,0.46939,0
0.41377,0.50275,1
0.12544,0.13229,0
0.87048,0.60295,0
0.2653,0.8648,0
0.058109,0.45775,0
0.72221,0.339,1
0.40122,0.52698,1
0.89424,0.77836,0
0.069368,0.27878,0
0.37937,0.86467,0
0.41996,0.23988,0
0.59765,0.4794,1
0.89855,0.93471,0
0.81789,0.70891,0
0.74322,0.89971,0
0.06524,0.33591,0
0.0043351,0.8281,0
0.50744,0.36616,1
0.22664,0.53483,0
0.28948,0.068371,0
0.084971,0.068339,0
0.40982,0.12338,0
0.44302,0.89894,1
0.35364,0.12018,0
0.56911,0.87503,1
0.34857,0.041921,0
0.14234,0.076593,0
0.74053,0.45653,1
0.66825,0.69925,1
0.57136,0.62869,1
0.87776,0.66235,0
0.87541,0.46752,0
0.14134,0.068134,0
0.71424,0.30799,1
0.67116,0.65242,1
0.53105,0.71511,1
0.50481,0.488,1
0.49784,0.93598,1
0.38928,0.11715,0
0.24042,0.68491,0
0.83925,0.97014,0
0.21517,0.76034,0
0.5841,0.40295,1
0.51004,0.49564,1
0.65137,0.74371,1
0.30195,0.089612,0
0.82597,0.38959,0
0.7753,0.17937,0
0.10936,0.90516,0
0.87635,0.99979,0
0.86425,0.036878,0
0.54468,0.99762,1
0.51101,0.87351,1
0.070221,0.98754,0
0.92271,0.56426,0
0.43146,0.33784,1
0.72072,0.013656,0
0.37406,0.92269,0
0.54648,0.47389,1
0.49654,0.30897,1
0.95084,0.98199,0
0.51356,0.99259,1
0.45584,0.42604,1
0.21321,0.19325,0
0.83275,0.72664,0
0.52975,0.82908,1
0.51187,0.55196,1
0.21328,0.58782,0
0.14276,0.052224,0
0.68331,0.60856,1
0.21966,0.40628,0
0.62991,0.55531,1
0.12758,0.1692,0
0.00099942,0.41816,0
0.48849,0.15987,0
0.66684,0.01792,0
0.11968,0.95213,0
0.97585,0.030915,0
0.49388,0.86272,1
0.24288,0.83427,0
0.81359,0.62897,0
0.0022382,0.37972,0
0.90441,0.68035,0
0.37882,0.63195,1
0.24327,0.57141,0
0.98173,0.84968,0
0.28344,0.68246,1
0.35812,0.98693,0
0.083986,0.25031,0
0.81135,0.084423,0
0.53125,0.80062,1
0.73882,0.14166,0
0.43789,0.35038,1
0.4785,0.5874,1
0.14581,0.90533,0
0.64019,0.16294,0
0.56591,0.93162,1
0.7831,0.68569,0
0.46622,0.26032,1
0.56927,0.24877,0
0.3193,0.9108,0
0.88522,0.79459,0
0.92581,0.17884,0
0.51754,0.62701,1
0.91318,0.66397,0
0.38919,0.74001,1
0.81763,0.60034,0
0.084997,0.92236,0
0.053598,0.52702,0
0.11885,0.38014,0
0.81283,0.2441,0
0.88442,0.71265,0
0.37815,0.24892,0
0.25285,0.76724,0
0.049862,0.68529,0
0.62028,0.74668,1
0.97726,0.38391,0
0.26021,0.87747,0
0.8061,0.46112,0
0.090962,0.56427,0
0.18738,0.53169,0
0.35503,0.31478,1
0.72674,0.51577,1
0.79064,0.20449,0
0.67811,0.052486,0
0.80117,0.67857,0
0.94601,0.091558,0
0.90844,0.50995,0
0.6149,0.31607,1
0.077487,0.85061,0
0.14453,0.37049,0
0.62239,0.99755,0
0.51734,0.99051,1
0.22653,0.39801,0
0.69657,0.064641,0
0.74766,0.4204,1
0.81132,0.37961,0
0.31907,0.98605,0
0.71818,0.41318,1
0.09863,0.73456,0
0.63731,0.073842,0
0.12051,0.9816,0
0.4968,0.022414,0
0.053832,0.14087,0
0.89347,0.46582,0
0.56086,0.49446,1
0.067785,0.89765,0
0.28857,0.26905,1
0.59419,0.47588,1
0.36831,0.65561,1
0.9382,0.62043,0
0.28284,0.20518,0
0.43913,0.02725,0
0.87618,0.61009,0
0.20359,0.51992,0
0.053824,0.86219,0
0.44293,0.54801,1
0.56686,0.68039,1
0.37138,0.078229,0
0.45635,0.047844,0
0.73826,0.038002,0
0.95424,0.74237,0
0.93745,0.51336,0
0.2409,0.25997,0
0.75897,0.99334,0
0.35671,0.75286,0
0.11005,0.59705,0
0.4306,0.73072,1
0.26118,0.094808,0
0.45096,0.64007,1
0.13204,0.45282,0
0.6522,0.827,0
0.30808,0.40236,1
0.88423,0.70058,0
0.24187,0.75983,0
0.29093,0.27744,1
0.0061078,0.37471,0
0.43693,0.3043,1
0.29086,0.24252,0
0.93668,0.86019,0
0.39723,0.47942,1
0.565,0.48962,1
0.26981,0.98974,0
0.18368,0.86166,0
0.032633,0.33196,0
0.74875,0.64437,1
0.16924,0.95221,0
0.54327,0.25141,1
0.57857,0.91548,1
0.8956,0.48251,0
0.44274,0.31175,1
0.055314,0.75379,0
0.13195,0.35592,0
0.39587,0.88552,0
0.02124,0.84408,0
0.28807,0.25034,1
0.48838,0.72904,1
0.20262,0.21628,0
0.97633,0.59324,0
0.3044,0.9677,0
0.89597,0.19003,0
0.0017993,0.71176,0
0.86773,0.11831,0
0.039023,0.59819,0
0.60431,0.51643,1
0.0075074,0.68893,0
0.94602,0.87354,0
0.11328,0.35457,0
0.24194,0.56033,0
0.61273,0.30081,1
0.79814,0.79564,0
0.78109,0.3511,0
0.054297,0.7087,0
0.99293,0.16248,0
0.11357,0.91288,0
0.48166,0.85181,1
0.80991,0.18676,0
0.2472,0.054189,0
0.60896,0.77723,0
0.51106,0.02775,0
0.99039,0.50094,0
0.332,0.17388,0
0.62564,0.57513,1
0.75099,0.15352,0
0.35679,0.14395,0
0.85061,0.33787,0
0.2752,0.006011,0
0.80191,0.49741,0
0.53784,0.87091,1
0.72284,0.66809,1
0.17883,0.5505,0
0.95988,0.59602,0
0.80857,0.98453,0
0.88592,0.21384,0
0.03463,0.45112,0
0.013795,0.47371,0
0.9512,0.24895,0
0.38642,0.43143,1
0.83089,0.82465,0
0.453,0.38056,1
0.92587,0.74084,0
0.73763,0.94692,0
0.5101,0.79188,1
0.45217,0.8492,1
0.39043,0.73838,1
0.97644,0.5233,0
0.42992,0.20716,0
0.3234,0.11087,0
0.37521,0.3299,1
0.34211,0.81712,0
0.53169,0.52112,1
0.77431,0.12026,0
0.62545,0.34665,1
0.33462,0.57462,1
0.86394,0.19856,0
0.67245,0.90183,0
0.19916,0.29828,0
0.49652,0.8899,1
0.50141,0.277,1
0.53396,0.57425,1
0.4128,0.014764,0
0.70276,0.50675,1
0.38127,0.064932,0
0.35858,0.23425,0
0.2035,0.81378,0
0.39343,0.053575,0
0.37505,0.77499,0
0.1653,0.91222,0
0.31921,0.32978,1
0.20424,0.76721,0
0.069973,0.95003,0
0.15821,0.28645,0
0.68713,0.14115,0
0.51209,0.72133,1
0.92885,0.7321,0
0.74985,0.40732,1
0.23949,0.52085,0
0.21908,0.84239,0
0.66293,0.81624,0
0.79388,0.46911,0
0.30952,0.68758,1
0.98685,0.76993,0
0.82958,0.70608,0
0.59534,0.75287,1
0.49672,0.86513,1
0.068028,0.96855,0
0.098756,0.54698,0
0.40297,0.10704,0
0.72417,0.61368,1
0.78297,0.56662,0
0.81132,0.57678,0
0.94403,0.87145,0
0.5076,0.78882,1
0.47303,0.8288,1
0.32248,0.97615,0
0.27821,0.072831,0
0.75122,0.83119,0
0.92234,0.32702,0
0.80407,0.53825,0
0.46329,0.82075,1
0.95191,0.076273,0
0.70867,0.23493,0
0.3989,0.26812,1
0.83251,0.99537,0
0.64975,0.70395,1
0.9323,0.68765,0
0.56835,0.38085,1
0.63458,0.36323,1
0.40762,0.3687,1
0.4684,0.50341,1
0.91054,0.20643,0
0.3386,0.57413,1
0.48693,0.26222,1
0.57959,0.87833,1
0.06095,0.44088,0
0.084258,0.56324,0
0.53931,0.76806,1
0.23309,0.58736,0
0.45897,0.86098,1
0.66084,0.35388,1
0.34719,0.25372,1
0.95253,0.2982,0
0.15841,0.3613,0
0.74163,0.7059,1
0.70089,0.0062258,0
0.37435,0.9015,0
0.31834,0.59708,1
0.2978,0.12501,0
0.38836,0.81769,0
0.98118,0.86199,0
0.083821,0.33771,0
0.23613,0.31781,0
0.98445,0.54825,0
0.74925,0.84185,0
0.16689,0.9031,0
0.10512,0.74509,0
0.72937,0.71747,1
0.13343,0.44579,0
0.50879,0.53049,1
0.85972,0.67772,0
0.80584,0.53124,0
0.9559,0.066677,0
0.54152,0.28166,1
0.4809,0.68486,1
0.20826,0.60816,0
0.32618,0.88085,0
0.13339,0.10241,0
0.95912,0.1529,0
0.15254,0.15555,0
0.089569,0.45442,0
0.6689,0.8313,0
0.79024,0.71271,0
0.4726,0.70859,1
0.95806,0.50578,0
0.30505,0.78981,0
0.23639,0.2343,0
0.4647,0.61939,1
0.61533,0.12262,0
0.12379,0.28446,0
0.73573,0.41131,1
0.82898,0.93511,0
0.39907,0.052211,0
0.57119,0.74767,1
0.32024,0.49293,1
0.22165,0.93927,0
0.48231,0.54,1
0.22106,0.095945,0
0.060165,0.81951,0
0.77148,0.1957,0
0.89512,0.6843,0
0.65685,0.99038,0
0.033692,0.42425,0
0.48998,0.5835,1
0.08327,0.66015,0
0.052305,0.55683,0
0.71203,0.48791,1
0.6176,0.21378,0
0.64566,0.38064,1
0.10371,0.37751,0
0.26286,0.24129,0
0.62292,0.52293,1
0.41324,0.21779,0
0.85855,0.86101,0
0.28394,0.61539,1
0.77949,0.95485,0
0.9196,0.38482,0
0.16264,0.79675,0
0.11382,0.15882,0
0.35583,0.84776,0
0.58278,0.58618,1
0.92584,0.57508,0
0.0099774,0.80938,0
0.60881,0.47991,1
0.26844,0.2581,1
0.48101,0.22734,0
0.048602,0.16924,0
0.25845,0.19791,0
0.60569,0.8237,0
0.81061,0.80224,0
0.70811,0.85938,0
0.78108,0.2038,0
0.99334,0.093625,0
0.65062,0.21518,0
0.24387,0.33969,0
0.19786,0.50683,0
0.95076,0.39461,0
0.58446,0.60654,1
0.71464,0.40154,1
0.85869,0.92048,0
0.75084,0.28559,0
0.79682,0.14277,0
0.50455,0.61069,1
0.7038,0.38334,1
0.72868,0.88728,0
0.055848,0.13822,0
0.86306,0.42175,0
0.41131,0.95914,1
0.75025,0.981,0
0.23352,0.096227,0
0.38458,0.50027,1
0.57026,0.97663,1
0.49286,0.40088,1
0.99499,0.261,0
0.66532,0.96426,0
0.67115,0.29917,1
0.53113,0.0014632,0
0.88379,0.40438,0
0.30121,0.95058,0
0.46065,0.28765,1
0.084627,0.58218,0
0.15307,0.073094,0
0.58056,0.28701,1
0.36192,0.72482,1
0.85831,0.34792,0
0.96175,0.95357,0
0.20604,0.76824,0
0.61553,0.91892,0
0.60254,0.70214,1
0.74367,0.3851,1
0.2515,0.03676,0
0.47212,0.64507,1
0.27897,0.51786,1
0.24567,0.29751,0
0.65047,0.89139,0
0.86111,0.20992,0
0.39909,0.88788,0
0.25653,0.9668,0
0.61916,0.16535,0
0.8262,0.65569,0
0.54645,0.25133,1
0.040156,0.23338,0
0.36111,0.63346,1
0.9861,0.20716,0
0.75708,0.88633,0
0.47223,0.15891,0
0.81092,0.47651,0
0.11629,0.87572,0
0.63519,0.097281,0
0.90844,0.035016,0
0.03975,0.98857,0
0.68618,0.37669,1
0.50432,0.7635,1
0.048875,0.72593,0
0.70133,0.45889,1
0.58229,0.33909,1
0.17063,0.39919,0
0.91978,0.22605,0
0.36101,0.32456,1
0.083582,0.51267,0
0.83286,0.90461,0
0.7236,0.383,1
0.29802,0.69171,1
0.88046,0.92455,0
0.081253,0.48267,0
0.12827,0.25291,0
0.88396,0.19628,0
0.12135,0.54369,0
0.31462,0.38204,1
0.79154,0.83918,0
0.68024,0.41692,1
0.64289,0.21408,0
0.61727,0.67519,1
0.60102,0.34631,1
0.3644,0.17148,0
0.79536,0.49267,0
0.35462,0.77506,0
0.2368,0.84483,0
0.81653,0.84623,0
0.37019,0.38323,1
0.86133,0.46391,0
0.57055,0.69531,1
0.96092,0.54631,0
0.63658,0.57089,1
0.92711,0.86377,0
0.16984,0.1787,0
0.2435,0.75178,0
0.19913,0.98294,0
0.70964,0.17544,0
0.8583,0.90941,0
0.96166,0.5706,0
0.56288,0.17666,0
0.51368,0.54847,1
0.16528,0.49389,0
0.53512,0.19881,0
0.62317,0.026315,0
0.31879,0.533,1
0.32677,0.60219,1
0.36193,0.13492,0
0.91381,0.64056,0
0.65877,0.67533,1
0.74456,0.84218,0
0.51666,0.15187,0
0.38066,0.82102,0
0.17136,0.32998,0
0.96647,0.80629,0
0.22219,0.99977,0
0.063739,0.42548,0
0.40434,0.40029,1
0.11192,0.42431,0
0.61355,0.98806,0
0.2199,0.35408,0
0.26624,0.2915,1
0.18839,0.02286,0
0.4494,0.24364,0
0.86873,0.52861,0
0.91414,0.97393,0
0.58543,0.11898,0
0.92653,0.59356,0
0.88362,0.42448,0
0.60726,0.070764,0
0.92477,0.64208,0
0.1045,0.70023,0
0.3958,0.084905,0
0.21448,0.2488,0
0.22665,0.703,0
0.75415,0.54729,0
0.55348,0.63057,1
0.98546,0.63428,0
0.60046,0.90919,0
0.57084,0.33542,1
0.95714,0.43992,0
0.60154,0.72026,1
0.67878,0.21276,0
0.081623,0.27448,0
0.86752,0.55936,0
0.46463,0.4303,1
0.77399,0.65392,0
0.65773,0.16102,0
0.43238,0.50509,1
0.37533,0.48037,1
0.34242,0.77715,0
0.38394,0.71156,1
0.48093,0.72918,1
0.93756,0.51725,0
0.90307,0.21819,0
0.87322,0.082693,0
0.4654,0.02193,0
0.80828,0.17921,0
0.16539,0.1816,0
0.69144,0.21376,0
0.2981,0.76834,0
0.50115,0.90946,1
0.057853,0.43675,0
0.57225,0.56507,1
0.82382,0.1261,0
0.30012,0.002122,0
0.95111,0.7663,0
0.7513,0.13886,0
0.34932,0.15134,0
0.49672,0.80865,1
0.63287,0.6884,1
0.63957,0.72932,1
0.85985,0.62696,0
0.18059,0.57331,0
0.16357,0.90605,0
0.077343,0.33853,0
0.58062,0.47524,1
0.80532,0.53078,0
0.22731,0.70948,0
0.14863,0.65812,0
0.63398,0.22931,0
0.18223,0.16635,0
0.14961,0.20275,0
0.95496,0.015908,0
0.95751,0.025692,0
0.97111,0.2976,0
0.52507,0.86234,1
0.8964,0.18901,0
0.66072,0.94123,0
0.97571,0.10794,0
0.1789,0.74655,0
0.049469,0.071285,0
0.48913,0.84989,1
0.99704,0.0043926,0
0.54261,0.86135,1
0.90914,0.84535,0
0.87887,0.74618,0
0.11749,0.50902,0
0.16883,0.83111,0
0.92801,0.16948,0
0.88374,0.38786,0
0.38257,0.27145,1
0.86788,0.7415,0
0.44787,0.70964,1
0.94433,0.17412,0
0.2446,0.64093,0
0.80861,0.85337,0
0.39812,0.11549,0
0.080281,0.36047,0
0.82891,0.21461,0
0.79104,0.65469,0
0.026146,0.78578,0
0.92256,0.49231,0
0.83401,0.13135,0
0.75978,0.92574,0
0.83271,0.2594,0
0.21302,0.52231,0
0.39736,0.47911,1
0.9939,0.60448,0
0.94491,0.49044,0
0.43795,0.77266,1
0.74407,0.4429,1
0.053,0.087822,0
0.79799,0.65558,0
0.032336,0.55707,0
0.7198,0.11041,0
0.21665,0.81102,0
0.13866,0.8819,0
0.92356,0.012756,0
0.37716,0.16781,0
0.54022,0.10166,0
0.039268,0.93323,0
0.97159,0.36093,0
0.64421,0.067947,0
0.20791,0.039604,0
0.46936,0.1501,0
0.99131,0.42706,0
0.95537,0.72425,0
0.58089,0.54026,1
0.70544,0.0050289,0
0.78252,0.92686,0
0.0082957,0.82463,0
0.76734,0.99714,0
0.22765,0.91954,0
0.642,0.10532,0
0.26816,0.76384,0
0.80551,0.10425,0
0.46976,0.21906,0
0.92271,0.32032,0
0.85754,0.25985,0
0.87806,0.18827,0
0.75919,0.031689,0
0.64234,0.56687,1
0.37641,0.21255,0
0.79216,0.14544,0
0.48914,0.012846,0
0.18661,0.48523,0
0.83823,0.14106,0
0.73222,0.69107,1
0.034493,0.48886,0
0.97139,0.11245,0
0.74321,0.63854,1
0.59418,0.49862,1
0.56785,0.4265,1
0.076239,0.29059,0
0.56134,0.63333,1
0.93078,0.97777,0
0.093597,0.66173,0
0.60277,0.47382,1
0.35626,0.47558,1
0.67102,0.95965,0
0.089084,0.79774,0
0.59078,0.9122,1
0.10113,0.29329,0
0.051588,0.50413,0
0.76838,0.28299,0
0.22536,0.33129,0
0.45325,0.73738,1
0.50989,0.38251,1
0.90548,0.96526,0
0.62827,0.13203,0
0.6183,0.38302,1
0.99119,0.28683,0
0.70619,0.53521,1
0.19321,0.68944,0
0.050455,0.18443,0
0.045658,0.88504,0
0.83979,0.11816,0
0.41041,0.12023,0
0.57209,0.94939,1
0.25639,0.98987,0
0.34981,0.20852,0
0.66583,0.97334,0
0.6227,0.063538,0
0.37351,0.16625,0
0.23128,0.052209,0
0.90176,0.79329,0
0.37301,0.83205,0
0.75383,0.62186,0
0.39409,0.35928,1
0.088852,0.34168,0
0.54867,0.46055,1
0.64545,0.51352,1
0.81443,0.097183,0
0.46371,0.58982,1
0.18717,0.61133,0
0.051942,0.57573,0
0.84234,0.49973,0
0.43902,0.14906,0
0.028279,0.75667,0
0.79611,0.29356,0
0.11521,0.37509,0
0.82889,0.84178,0
0.66524,0.96014,0
0.94312,0.1127,0
0.64829,0.4808,1
0.066521,0.89777,0
0.49723,0.7713,1
0.060362,0.26246,0
0.65107,0.1336,0
0.63855,0.38494,1
0.7657,0.65292,0
0.38149,0.30002,1
0.34014,0.91893,0
0.45627,0.4425,1
0.45419,0.94528,1
0.21912,0.8824,0
0.019875,0.34176,0
0.76603,0.3428,0
0.61881,0.45302,1
0.010163,0.59908,0
0.60157,0.64942,1
0.34272,0.4933,1
0.70177,0.8878,0
0.055058,0.098362,0
0.64978,0.76407,0
0.98796,0.12532,0
0.36448,0.67623,1
0.37576,0.86346,0
0.29198,0.13347,0
0.67265,0.20258,0
0.86852,0.75116,0
0.41938,0.00023107,0
0.14946,0.27383,0
0.87243,0.60125,0
0.32119,0.28429,1
0.43532,0.90376,1
0.92511,0.50529,0
0.62758,0.71926,1
0.023913,0.57493,0
0.046534,0.42253,0
0.46773,0.022628,0
0.065074,0.92396,0
0.53414,0.3668,1
0.36395,0.15137,0
0.14961,0.3508,0
0.33597,0.78403,0
0.48674,0.4648,1
0.13125,0.88639,0
0.67456,0.83516,0
0.65649,0.98392,0
0.97979,0.25015,0
0.62457,0.72824,1
0.49817,0.84983,1
0.19092,0.12414,0
0.0027904,0.15295,0
0.53416,0.51063,1
0.38522,0.3106,1
0.0035554,0.81524,0
0.63842,0.44834,1
0.24409,0.80339,0
0.82397,0.85219,0
0.46725,0.9707,1
0.84124,0.078548,0
0.2376,0.81757,0
0.40583,0.46631,1
0.95154,0.96501,0
0.76528,0.57453,0
0.91593,0.49543,0
0.16601,0.326,0
0.29644,0.5583,1
0.067477,0.068978,0
0.16678,0.94744,0
0.81109,0.71046,0
0.97025,0.99843,0
0.98745,0.15009,0
0.95848,0.53046,0
0.074087,0.31182,0
0.89517,0.83477,0
0.0023488,0.64021,0
0.80318,0.24513,0
0.064122,0.26315,0
0.10272,0.48372,0
0.41888,0.38129,1
0.88677,0.42056,0
0.28385,0.048181,0
0.21917,0.23918,0
0.029258,0.70231,0
0.0076356,0.61092,0
0.40809,0.24895,0
0.65246,0.32028,1
0.10367,0.53556,0
0.16487,0.88344,0
0.66646,0.84774,0
0.76266,0.80701,0
0.63295,0.71043,1
0.68866,0.32095,1
0.53165,0.87319,1
0.05454,0.5004,0
0.43276,0.90428,1
0.63018,0.98304,0
0.5852,0.84064,1
0.46881,0.54522,1
0.1791,0.63446,0
0.96296,0.53401,0
0.47961,0.79367,1
0.092714,0.8808,0
0.0038735,0.51153,0
0.67846,0.56575,1
0.47846,0.32051,1
0.60158,0.91315,0
0.68252,0.94673,0
0.099089,0.51103,0
0.11013,0.54526,0
0.68879,0.14742,0
0.77756,0.39905,0
0.8983,0.30704,0
0.061051,0.21947,0
0.082833,0.9504,0
0.016371,0.11467,0
0.01241,0.21623,0
0.011428,0.64245,0
0.51699,0.24554,0
0.19375,0.090871,0
0.36844,0.0077929,0
0.6027,0.47885,1
0.30812,0.74444,1
0.83935,0.26243,0
0.51424,0.44677,1
0.34121,0.83914,0
0.98249,0.62646,0
0.18128,0.12302,0
0.57997,0.32854,1
0.26819,0.55024,1
0.18052,0.67849,0
0.055688,0.034057,0
0.28652,0.07739,0
0.90057,0.84661,0
0.3957,0.16922,0
0.43045,0.41622,1
0.72876,0.40647,1
0.95181,0.91199,0
0.95141,0.346,0
0.29024,0.8867,0
0.21003,0.13088,0
0.52052,0.90546,1
0.40253,0.21576,0
0.078739,0.93306,0
0.60287,0.37749,1
0.66493,0.79219,0
0.33349,0.69266,1
0.20382,0.95871,0
0.71183,0.16691,0
0.44278,0.63299,1
0.92997,0.52933,0
0.62647,0.68082,1
0.9232,0.15283,0
0.40572,0.31248,1
0.6939,0.89069,0
0.49067,0.80582,1
0.32644,0.54988,1
0.38878,0.89683,0
0.67612,0.8284,0
0.11009,0.27923,0
0.76764,0.21606,0
0.034062,0.43655,0
0.93686,0.26209,0
0.56975,0.35955,1
0.026839,0.50042,0
0.82701,0.25898,0
0.045885,0.24647,0
0.66073,0.32941,1
0.6595,0.013004,0
0.71807,0.39112,1
0.033505,0.40602,0
0.71631,0.92134,0
0.98402,0.98342,0
0.89631,0.8657,0
0.80096,0.55498,0
0.41887,0.12712,0
0.65462,0.86396,0
0.2746,0.84016,0
0.070755,0.37879,0
0.26817,0.15292,0
0.631,0.31637,1
0.95911,0.49867,0
0.73861,0.012756,0
0.60535,0.57645,1
0.80738,0.65497,0
0.87823,0.90237,0
0.15223,0.19258,0
0.79098,0.060705,0
0.38983,0.29997,1
0.73418,0.10421,0
0.79258,0.78273,0
0.5324,0.25335,1
0.070955,0.6258,0
0.024681,0.062042,0
0.12961,0.45061,0
0.67234,0.85611,0
0.49845,0.048785,0
0.31383,0.64163,1
0.78639,0.28915,0
0.49787,0.81843,1
0.59513,0.53642,1
0.33087,0.41169,1
0.79401,0.34321,0
0.46261,0.36782,1
0.67957,0.56778,1
0.65178,0.49111,1
0.39846,0.47748,1
0.066588,0.41103,0
0.96909,0.78072,0
0.72902,0.76565,0
0.75658,0.84327,0
0.77016,0.97866,0
0.11136,0.39608,0
0.49206,0.25809,1
0.036966,0.97438,0
0.72643,0.14796,0
0.14789,0.70482,0
0.38099,0.076411,0
0.41084,0.14299,0
0.79892,0.93025,0
0.0047195,0.65004,0
0.67853,0.25362,1
0.84318,0.29396,0
0.02686,0.093307,0
0.79788,0.7114,0
0.78341,0.62392,0
0.82542,0.035023,0
0.40547,0.24967,0
0.4809,0.88084,1
0.28068,0.59914,1
0.026226,0.1552,0
0.83391,0.19489,0
0.82979,0.33807,0
0.67112,0.052366,0
0.73431,0.49948,1
0.9433,0.28977,0
0.37656,0.11376,0
0.96485,0.43251,0
0.084563,0.71668,0
0.50679,0.32809,1
0.75352,0.83601,0
0.25372,0.53443,1
0.43517,0.1577,0
0.60048,0.93745,0
0.10776,0.89998,0
0.55046,0.42736,1
0.15238,0.24755,0
0.44737,0.53278,1
0.35465,0.77311,0
0.88168,0.73409,0
0.40643,0.60418,1
0.64111,0.12747,0
0.49619,0.31047,1
0.57857,0.94361,1
0.42694,0.033128,0
0.92943,0.92498,0
0.35831,0.25999,1
0.78686,0.51158,0
0.56253,0.68479,1
0.092397,0.87258,0
0.94294,0.096594,0
0.84588,0.9094,0
0.011341,0.52368,0
0.65035,0.38515,1
0.6493,0.76285,0
0.57569,0.63192,1
0.2782,0.83984,0
0.42683,0.63162,1
0.83347,0.27019,0
0.4008,0.55425,1
0.44387,0.090384,0
0.74438,0.032615,0
0.42974,0.037262,0
0.9758,0.52234,0
0.90963,0.38325,0
0.88445,0.25502,0
0.90905,0.89456,0
0.39852,0.62502,1
0.5676,0.89451,1
0.21417,0.0038592,0
0.88058,0.23512,0
0.24486,0.64092,0
0.30452,0.82562,0
0.88369,0.94537,0
0.3908,0.80132,0
0.15711,0.62517,0
0.69899,0.085869,0
0.53118,0.88857,1
0.26367,0.23479,0
0.83966,0.49554,0
0.15237,0.23077,0
0.65795,0.56295,1
0.29183,0.6223,1
0.71591,0.28073,1
0.41227,0.36221,1
0.78139,0.13549,0
0.90207,0.28964,0
0.49956,0.78359,1
0.67706,0.14981,0
0.69662,0.12901,0
0.94595,0.88641,0
0.515,0.67941,1
0.97679,0.12546,0
0.75224,0.82705,0
0.78143,0.19088,0
0.42864,0.014457,0
0.32529,0.1347,0
0.45052,0.57227,1
0.79202,0.41974,0
0.53254,0.9257,1
0.89908,0.54483,0
0.90112,0.051827,0
0.8086,0.3349,0
0.22868,0.8224,0
0.34823,0.16547,0
0.028134,0.95537,0
0.68029,0.86056,0
0.93909,0.68019,0
0.91742,0.25669,0
0.88562,0.92004,0
0.30006,0.073391,0
0.7674,0.084952,0
0.72876,0.44789,1
0.65125,0.1695,0
0.53145,0.6338,1
0.014096,0.47037,0
0.88633,0.11403,0
0.44254,0.65955,1
0.29477,0.95037,0
0.69429,0.20681,0
0.55476,0.87928,1
0.55786,0.75233,1
0.8949,0.84184,0
0.13086,0.18915,0
0.15364,0.028902,0
0.0090849,0.59645,0
0.60905,0.91892,0
0.73357,0.30115,1
0.49557,0.25816,1
0.73285,0.11676,0
0.74604,0.80979,0
0.74523,0.33714,1
0.58432,0.46895,1
0.087265,0.82872,0
0.68594,0.26733,1
0.96948,0.18377,0
0.29994,0.41118,1
0.23649,0.19506,0
0.70538,0.18055,0
0.52233,0.29617,1
0.46278,0.92523,1
0.21589,0.0010089,0
0.90661,0.68004,0
0.51495,0.52207,1
0.10292,0.99688,0
0.35897,0.62524,1
0.39337,0.0076624,0
0.54528,0.50911,1
0.24678,0.045395,0
0.84173,0.04825,0
0.31632,0.78342,0
0.9724,0.58646,0
0.77804,0.7277,0
0.65099,0.66462,1
0.93878,0.53508,0
0.39844,0.67046,1
0.44053,0.13287,0
0.4392,0.54764,1
0.39514,0.39827,1
0.75135,0.52235,0
0.49043,0.088679,0
0.25085,0.44756,1
0.63796,0.70945,1
0.99262,0.93219,0
0.092229,0.95354,0
0.1628,0.97046,0
0.59701,0.24023,0
0.070295,0.30004,0
0.81354,0.07671,0
0.35447,0.13201,0
0.15818,0.062147,0
0.70184,0.086482,0
0.61679,0.17377,0
0.6514,0.4987,1
0.28451,0.83056,0
0.81836,0.93817,0
0.0003261,0.64039,0
0.0073557,0.10642,0
0.10679,0.36711,0
0.23961,0.34614,0
0.24962,0.38706,0
0.42104,0.64008,1
0.78755,0.26999,0
0.84398,0.74047,0
0.8261,0.18219,0
0.065436,0.61035,0
0.70155,0.11162,0
0.095824,0.59783,0
0.81223,0.81458,0
0.089437,0.73128,0
0.90386,0.45223,0
0.070688,0.24128,0
0.73187,0.040492,0
0.42452,0.54022,1
0.95383,0.20891,0
0.11633,0.64622,0
0.10841,0.9835,0
0.24834,0.60636,0
0.8167,0.83005,0
0.48904,0.76073,1
0.91511,0.90097,0
0.21424,0.54706,0
0.78471,0.19444,0
0.74689,0.47556,1
0.58326,0.26055,1
0.084822,0.29813,0
0.91713,0.47052,0
0.26947,0.76297,0
0.77217,0.0213,0
0.87999,0.79817,0
0.32417,0.66904,1
0.29629,0.92995,0
0.28196,0.16888,0
0.74517,0.47713,1
0.65344,0.96658,0
0.31303,0.076439,0
0.79142,0.36538,0
0.5851,0.18334,0
0.076919,0.15366,0
0.82688,0.30096,0
0.38388,0.65075,1
0.81737,0.76627,0
0.37418,0.18986,0
0.6465,0.0036053,0
0.28289,0.6386,1
0.59207,0.32529,1
0.98895,0.12324,0
0.73588,0.15662,0
0.43465,0.83224,1
0.35991,0.076238,0
0.55693,0.27393,1
0.13205,0.69965,0
0.4859,0.18272,0
0.10121,0.20158,0
0.13475,0.32379,0
0.95055,0.53213,0
0.24769,0.43728,0
0.66909,0.5477,1
0.60905,0.86313,0
0.3807,0.74896,1
0.1567,0.058124,0
0.33971,0.81718,0
0.37755,0.9726,0
0.60532,0.33824,1
0.92798,0.89842,0
0.85071,0.25679,0
0.2855,0.77995,0
0.7014,0.49251,1
0.96767,0.47616,0
0.99491,0.49058,0
0.50345,0.76877,1
0.38808,0.45326,1
0.13285,0.75851,0
0.56524,0.64864,1
0.79806,0.22045,0
0.85789,0.90473,0
0.29202,0.72587,1
0.33945,0.27268,1
0.17027,0.66402,0
0.53585,0.82911,1
0.26736,0.17616,0
0.43119,0.47566,1
0.78522,0.13065,0
0.051356,0.62751,0
0.029088,0.13619,0
0.69456,0.51568,1
0.54258,0.80848,1
0.79369,0.50187,0
0.27663,0.11966,0
0.8866,0.97029,0
0.94253,0.63813,0
0.09059,0.074708,0
0.18245,0.031688,0
0.72494,0.14416,0
0.63593,0.78985,0
0.56625,0.37741,1
0.82159,0.30488,0
0.31937,0.78498,0
0.50374,0.261,1
0.73248,0.16295,0
0.92108,0.22222,0
0.083609,0.073702,0
0.76955,0.81768,0
0.74043,0.75825,0
0.96119,0.46642,0
0.787,0.42257,0
0.94373,0.0013144,0
0.98127,0.57019,0
0.34647,0.5575,1
0.29978,0.15907,0
0.66526,0.6842,1
0.79241,0.34862,0
0.25007,0.345,1
0.32863,0.92749,0
0.75607,0.28824,0
0.60618,0.76603,0
0.84615,0.90198,0
0.59571,0.068536,0
0.21804,0.86941,0
0.41422,0.66121,1
0.78348,0.24789,0
0.55443,0.22959,0
0.0069128,0.76664,0
0.021833,0.3931,0
0.25254,0.20422,0
0.66228,0.91474,0
0.0069025,0.74642,0
0.79967,0.9078,0
0.97457,0.11986,0
0.51897,0.82197,1
0.63702,0.95391,0
0.94693,0.96661,0
0.067344,0.43753,0
0.32084,0.13405,0
0.13459,0.80595,0
0.52476,0.94426,1
0.98834,0.40989,0
0.37119,0.22685,0
0.44603,0.26622,1
0.4591,0.43291,1
0.25962,0.13371,0
0.41923,0.50686,1
0.32432,0.68469,1
0.44309,0.43566,1
0.79302,0.81556,0
0.75211,0.78926,0
0.50127,0.55518,1
0.63075,0.097989,0
0.24568,0.61573,0
0.30496,0.76697,0
0.26723,0.039506,0
0.29656,0.55636,1
0.96907,0.68912,0
0.71788,0.55903,1
0.53335,0.87572,1
0.3931,0.45807,1
0.20825,0.75727,0
0.54669,0.35739,1
0.701,0.10922,0
0.0066108,0.5973,0
0.65918,0.58001,1
0.90995,0.63601,0
0.52556,0.25962,1
0.051171,0.73195,0
0.16429,0.2804,0
0.25943,0.5471,1
0.54127,0.78811,1
0.86961,0.78754,0
0.96943,0.18047,0
0.9306,0.045152,0
0.24065,0.008855,0
0.67159,0.90481,0
0.57242,0.15546,0
0.50237,0.56773,1
0.18827,0.3242,0
0.71604,0.55293,1
0.14228,0.38036,0
0.39657,0.57674,1
0.019402,0.57758,0
0.9322,0.10687,0
0.73215,0.97052,0
0.60889,0.71967,1
0.30275,0.45902,1
0.048029,0.38535,0
0.36172,0.28758,1
0.81671,0.45053,0
0.80663,0.79017,0
0.28296,0.068309,0
0.054931,0.63752,0
0.42429,0.90553,1
0.41732,0.15406,0
0.54,0.93709,1
0.66096,0.39466,1
0.25899,0.84791,0
0.94506,0.377,0
0.06728,0.18158,0
0.57575,0.18589,0
0.29145,0.46166,1
0.34698,0.31817,1
0.45991,0.23589,0
0.027752,0.65845,0
0.1588,0.80266,0
0.40858,0.32739,1
0.74601,0.74635,1
0.17395,0.11754,0
0.17404,0.62741,0
0.84189,0.51008,0
0.16576,0.71431,0
0.90704,0.21854,0
0.87096,0.21184,0
0.83666,0.8593,0
0.52338,0.47736,1
0.88988,0.065076,0
0.50946,0.6208,1
0.73357,0.23,0
0.021872,0.13899,0
0.76951,0.96977,0
0.38679,0.99343,0
0.32639,0.13716,0
0.38475,0.56264,1
0.63384,0.54161,1
0.31499,0.15933,0
0.15262,0.13695,0
0.7098,0.46486,1
0.11327,0.70088,0
0.17999,0.80367,0
0.51396,0.54844,1
0.20784,0.78459,0
0.52649,0.57102,1
0.42204,0.72116,1
0.073138,0.59486,0
0.86198,0.4488,0
0.65258,0.30347,1
0.60744,0.2789,1
0.79956,0.79617,0
0.95409,0.44434,0
0.45688,0.59982,1
0.84262,0.0312,0
0.18727,0.94359,0
0.94792,0.45298,0
0.81083,0.92888,0
0.67272,0.37233,1
0.4057,0.43882,1
0.67865,0.46507,1
0.95326,0.3547,0
0.33902,0.89586,0
0.54543,0.74928,1
0.12488,0.45323,0
0.074749,0.66334,0
0.70365,0.91895,0
0.66007,0.6901,1
0.85372,0.4679,0
0.45848,0.8061,1
0.82477,0.19044,0
0.025673,0.056815,0
0.14294,0.17142,0
0.62584,0.029515,0
0.47233,0.67844,1
0.11479,0.23606,0
0.28908,0.17276,0
0.32371,0.80111,0
0.29963,0.77563,0
0.55277,0.55469,1
0.73065,0.77362,0
0.90085,0.13817,0
0.79408,0.18941,0
0.028974,0.12739,0
0.13374,0.12831,0
0.93526,0.27323,0
0.94268,0.63815,0
0.87253,0.36707,0
0.2362,0.18732,0
0.54565,0.25512,1
0.30582,0.015549,0
0.58749,0.96256,1
0.84985,0.0079403,0
0.63403,0.35929,1
0.11406,0.54082,0
0.41642,0.5171,1
0.88612,0.1494,0
0.43468,0.059039,0
0.38103,0.72237,1
0.095119,0.66719,0
0.2964,0.59856,1
0.15185,0.43638,0
0.012682,0.22902,0
0.26368,0.51139,1
0.21508,0.34611,0
0.74782,0.41362,1
0.055753,0.39003,0
0.47448,0.82532,1
0.30364,0.82179,0
0.56568,0.054382,0
0.26001,0.5891,1
0.47973,0.19865,0
0.23901,0.78019,0
0.61731,0.14413,0
0.71613,0.40151,1
0.46239,0.70728,1
0.40121,0.014385,0
0.07464,0.59107,0
0.446,0.92662,1
0.094893,0.37542,0
0.546,0.11168,0
0.90446,0.63328,0
0.90541,0.63055,0
0.014228,0.31648,0
0.11187,0.62946,0
0.060709,0.67399,0
0.47744,0.30555,1
0.51633,0.70703,1
0.81361,0.31581,0
0.3113,0.34498,1
0.6663,0.86107,0
0.76178,0.87584,0
0.87124,0.17279,0
0.85022,0.95959,0
0.77021,0.87502,0
0.067413,0.64679,0
0.3241,0.64035,1
0.87975,0.37364,0
0.76674,0.16809,0
0.51972,0.62746,1
0.71391,0.3064,1
0.26369,0.916,0
0.61503,0.093175,0
0.6277,0.19203,0
0.77696,0.8645,0
0.33358,0.13541,0
0.76547,0.31861,0
0.25238,0.20007,0
0.06901,0.55191,0
0.40381,0.75012,1
0.48718,0.38479,1
0.061409,0.21369,0
0.54387,0.41064,1
0.90096,0.05629,0
0.44351,0.53781,1
0.13406,0.54095,0
0.85737,0.19802,0
0.15561,0.061378,0
0.66107,0.018603,0
0.2911,0.97382,0
0.76464,0.24368,0
0.68212,0.13785,0
0.62981,0.85701,0
0.8998,0.34837,0
0.48631,0.67952,1
0.70412,0.46088,1
0.36427,0.28027,1
0.076204,0.44462,0
0.16571,0.39875,0
0.92058,0.51133,0
0.91414,0.091934,0
0.99304,0.096434,0
0.31315,0.78538,0
0.6024,0.46591,1
0.29813,0.13317,0
0.29501,0.16663,0
0.3171,0.10984,0
0.83209,0.97159,0
0.21827,0.70608,0
0.039014,0.6163,0
0.66936,0.037202,0
0.0033346,0.14246,0
0.86241,0.27604,0
0.53169,0.52222,1
0.56762,0.33303,1
0.41342,0.41435,1
0.98392,0.057739,0
0.39654,0.79132,0
0.59419,0.30956,1
0.9018,0.093127,0
0.31903,0.88696,0
0.65743,0.68452,1
0.47395,0.14124,0
0.95092,0.88263,0
0.43744,0.83496,1
0.32514,0.36764,1
0.79484,0.099309,0
0.95178,0.0014739,0
0.2954,0.048455,0
0.44274,0.78985,1
0.91352,0.53325,0
0.80408,0.56266,0
0.75088,0.0092304,0
0.47678,0.25033,1
0.30792,0.96695,0
0.2088,0.52048,0
0.22555,0.5672,0
0.99816,0.13187,0
0.95468,0.12388,0
0.18624,0.6465,0
0.12817,0.081321,0
0.65923,0.027399,0
0.98518,0.53933,0
0.37383,0.70673,1
0.94741,0.38228,0
0.69291,0.60207,1
0.77526,0.59183,0
0.37618,0.85065,0
0.22574,0.79696,0
0.99688,0.28131,0
0.71038,0.66464,1
0.41484,0.49827,1
0.94912,0.95318,0
0.73292,0.38468,1
0.040083,0.58293,0
0.56471,0.35518,1
0.8802,0.62453,0
0.62402,0.29574,1
0.07468,0.29371,0
0.23474,0.3459,0
0.84849,0.16036,0
0.15786,0.50866,0
0.6033,0.1614,0
0.63545,0.84394,0
0.78227,0.26457,0
0.3147,0.1832,0
0.44747,0.32668,1
0.27982,0.93176,0
0.39969,0.37942,1
0.59285,0.068507,0
0.20524,0.72362,0
0.57515,0.20023,0
0.84348,0.42373,0
0.54475,0.52797,1
0.18511,0.08169,0
0.46409,0.030555,0
0.43498,0.55786,1
0.63878,0.034217,0
0.7099,0.16932,0
0.59338,0.60806,1
0.77236,0.056274,0
0.85473,0.38428,0
0.39962,0.32542,1
0.55539,0.29542,1
0.36612,0.34905,1
0.63022,0.66444,1
0.9921,0.94436,0
0.35035,0.193,0
0.91958,0.28869,0
0.55086,0.91932,1
0.090049,0.2577,0
0.42705,0.57772,1
0.89952,0.21823,0
0.96703,0.43398,0
0.78482,0.52523,0
0.33128,0.43159,1
0.7179,0.91621,0
0.89003,0.13471,0
0.11991,0.89345,0
0.65309,0.040278,0
0.50472,0.89445,1
0.38573,0.29205,1
0.23404,0.20095,0
0.38031,0.59479,1
0.26839,0.62244,1
0.80457,0.10397,0
0.72924,0.64859,1
0.47465,0.93291,1
0.096444,0.59911,0
0.23356,0.032328,0
0.57986,0.8422,1
0.5569,0.83988,1
0.20495,0.62125,0
0.17402,0.28954,0
0.018503,0.7015,0
0.95209,0.74901,0
0.75673,0.54209,0
0.28206,0.24487,0
0.28632,0.96313,0
0.2307,0.53732,0
0.20501,0.43404,0
0.14221,0.37558,0
0.79356,0.81282,0
0.90379,0.54038,0
0.81786,0.70842,0
0.043209,0.14595,0
0.23334,0.2467,0
0.17028,0.23506,0
0.27546,0.95161,0
0.34667,0.29732,1
0.40443,0.30224,1
0.75731,0.35974,0
0.1249,0.61718,0
0.35552,0.36294,1
0.068488,0.86716,0
0.4579,0.077615,0
0.90492,0.2817,0
0.61388,0.66186,1
0.20002,0.95999,0
0.66511,0.5413,1
0.86897,0.55705,0
0.021398,0.48268,0
0.80799,0.73601,0
0.5723,0.0089849,0
0.71828,0.44943,1
0.65962,0.75321,0
0.80474,0.029156,0
0.77982,0.56735,0
0.076117,0.25162,0
0.13345,0.56447,0
0.54098,0.068921,0
0.98843,0.2511,0
0.31547,0.30066,1
0.042039,0.5279,0
0.25602,0.40871,1
0.94751,0.91928,0
0.12124,0.59194,0
0.35965,0.71931,1
0.52355,0.26084,1
0.49308,0.85584,1
0.72441,0.19911,0
0.15729,0.37048,0
0.86227,0.68476,0
0.6342,0.14132,0
0.079302,0.87615,0
0.42043,0.48766,1
0.46033,0.51568,1
0.27199,0.23158,0
0.89953,0.9087,0
0.60364,0.36524,1
0.59859,0.66849,1
0.89456,0.087336,0
0.53901,0.42845,1
0.61715,0.55888,1
0.22585,0.10452,0
0.0099777,0.059153,0
0.32265,0.77948,0
0.33548,0.61957,1
0.99289,0.64801,0
0.53978,0.23225,0
0.73983,0.88899,0
0.85981,0.59706,0
0.65475,0.91501,0
0.43318,0.28976,1
0.63188,0.29542,1
0.62203,0.047534,0
0.99461,0.20676,0
0.60736,0.34763,1
0.71774,0.027993,0
0.066842,0.92706,0
0.087772,0.3324,0
0.52618,0.24664,0
0.5429,0.78087,1
0.52188,0.93195,1
0.14711,0.41677,0
0.28029,0.5981,1
0.036475,0.063687,0
0.32288,0.098379,0
0.17004,0.37116,0
0.039762,0.70924,0
0.64134,0.17406,0
0.062152,0.40666,0
0.46306,0.20267,0
0.86955,0.59794,0
0.023014,0.89943,0
0.45295,0.058026,0
0.10627,0.99843,0
0.86633,0.61521,0
0.026944,0.32252,0
0.46378,0.099017,0
0.57099,0.32588,1
0.45049,0.57784,1
0.074844,0.057343,0
0.30096,0.52172,1
0.56188,0.24155,0
0.91272,0.82573,0
0.44455,0.98206,1
0.57827,0.23442,0
0.81059,0.45127,0
0.24997,0.95544,0
0.14265,0.51256,0
0.97193,0.64832,0
0.61467,0.46965,1
0.57778,0.91131,1
0.37622,0.22876,0
0.42352,0.2736,1
0.44457,0.62752,1
0.53464,0.38544,1
0.87345,0.30035,0
0.40003,0.51772,1
0.061825,0.23137,0
0.11849,0.09878,0
0.89028,0.033389,0
0.83903,0.50727,0
0.11372,0.49045,0
0.59944,0.090216,0
0.97822,0.65302,0
0.46113,0.86376,1
0.26283,0.82396,0
0.32898,0.9413,0
0.24411,0.95711,0
0.51082,0.56458,1
0.99372,0.77098,0
0.3138,0.057873,0
0.044074,0.81294,0
0.41207,0.38416,1
0.52313,0.89215,1
0.40592,0.60439,1
0.094804,0.33598,0
0.14484,0.24488,0
0.37897,0.27032,1
0.2156,0.63373,0
0.79972,0.20851,0
0.89626,0.74571,0
0.53639,0.96997,1
0.56488,0.21769,0
0.85776,0.862,0
0.3133,0.32698,1
0.84001,0.49253,0
0.051902,0.77802,0
0.42667,0.27996,1
0.33351,0.36694,1
0.79479,0.038691,0
0.72667,0.87268,0
0.28581,0.65685,1
0.23189,0.62195,0
0.075124,0.96676,0
0.60997,0.38372,1
0.03057,0.85757,0
0.60354,0.84784,0
0.50462,0.0079108,0
0.91907,0.4107,0
0.73237,0.15111,0
0.81523,0.9096,0
0.77794,0.75712,0
0.4052,0.7019,1
0.56546,0.58474,1
0.34491,0.70423,1
0.16086,0.0015139,0
0.562,0.54648,1
0.55083,0.69454,1
0.92749,0.94421,0
0.90326,0.60411,0
0.92621,0.11695,0
0.3408,0.03673,0
0.53837,0.73723,1
0.18122,0.42625,0
0.098168,0.30322,0
0.78012,0.53696,0
0.76907,0.63894,0
0.89315,0.06069,0
0.17577,0.41633,0
0.73979,0.89295,0
0.025853,0.13756,0
0.42409,0.76457,1
0.52444,0.75448,1
0.1698,0.67273,0
0.61865,0.0068461,0
0.74023,0.99174,0
0.12818,0.36058,0
0.19107,0.7144,0
0.17787,0.98685,0
0.016999,0.039796,0
0.80433,0.85979,0
0.56625,0.75411,1
0.51951,0.5859,1
0.19073,0.50344,0
0.050915,0.056096,0
0.3352,0.6309,1
0.89198,0.6734,0
0.68527,0.69574,1
0.79983,0.66061,0
0.51994,0.33174,1
0.93417,0.24648,0
0.51121,0.74032,1
0.25417,0.84558,0
0.53815,0.91014,1
0.35071,0.93532,0
0.92772,0.5877,0
0.10176,0.36688,0
0.27585,0.2661,1
0.22654,0.0013208,0
0.89301,0.4535,0
0.57842,0.31561,1
0.99402,0.98389,0
0.96455,0.66627,0
0.72616,0.33404,1
0.52277,0.27335,1
0.71838,0.77802,0
0.081064,0.22158,0
0.20396,0.6241,0
0.72521,0.83436,0
0.018895,0.20212,0
0.46909,0.3784,1
0.34039,0.063851,0
0.76134,0.40266,0
0.67429,0.55108,1
0.051457,0.3075,0
0.96544,0.93148,0
0.37803,0.61767,1
0.56253,0.83056,1
0.9577,0.075506,0
0.88802,0.56245,0
0.19436,0.22145,0
0.70576,0.59676,1
0.5863,0.96849,1
0.58174,0.0998,0
0.1666,0.10209,0
0.14625,0.67156,0
0.63985,0.37244,1
0.16287,0.38952,0
0.79998,0.39979,0
0.75512,0.29521,0
0.64001,0.88512,0
0.20964,0.48036,0
0.11299,0.13237,0
0.064002,0.079297,0
0.62695,0.41133,1
0.63859,0.85656,0
0.76358,0.97616,0
0.78154,0.93558,0
0.73915,0.25362,1
0.71925,0.69351,1
0.77332,0.74722,0
0.31838,0.51043,1
0.77307,0.57282,0
0.95385,0.17157,0
0.90724,0.75222,0
0.28618,0.62741,1
0.46283,0.12944,0
0.54938,0.96951,1
0.44214,0.59096,1
0.11097,0.19985,0
0.16296,0.036877,0
0.27272,0.23013,0
0.35854,0.13434,0
0.99859,0.51352,0
0.38785,0.24985,0
0.36475,0.39906,1
0.9263,0.49547,0
0.60919,0.0048085,0
0.58773,0.77746,1
0.65718,0.52831,1
0.82577,0.96243,0
0.31374,0.79709,0
0.28518,0.014895,0
0.09415,0.32872,0
0.30557,0.018022,0
0.16221,0.44399,0
0.76677,0.68126,0
0.71454,0.45978,1
0.91927,0.98894,0
0.9326,0.46152,0
0.90492,0.38645,0
0.60302,0.56032,1
0.84584,0.2848,0
0.66332,0.60226,1
0.65646,0.30993,1
0.33164,0.1882,0
0.10068,0.28656,0
0.35483,0.53576,1
0.99083,0.028178,0
0.70953,0.90516,0
0.86583,0.11917,0
0.95528,0.4409,0
0.87576,0.86495,0
0.35515,0.63115,1
0.86455,0.020992,0
0.07682,0.37671,0
0.14919,0.034097,0
0.78225,0.32725,0
0.81748,0.17362,0
0.67612,0.8756,0
0.75716,0.22963,0
0.35894,0.36316,1
0.26744,0.3373,1
0.086961,0.45156,0
0.45466,0.029036,0
0.6371,0.059459,0
0.1692,0.68468,0
0.55457,0.0060358,0
0.28809,0.37661,1
0.14649,0.074534,0
0.46074,0.37039,1
0.82456,0.53754,0
0.81752,0.46038,0
0.014034,0.0049832,0
0.16623,0.36594,0
0.71821,0.15942,0
0.27877,0.64494,1
0.2872,0.32193,1
0.15542,0.38766,0
0.89573,0.88777,0
0.39361,0.67546,1
0.25221,0.94999,0
0.62468,0.20695,0
0.10966,0.56585,0
0.27433,0.071165,0
0.15845,0.04952,0
0.68088,0.78176,0
0.80737,0.26505,0
0.8959,0.60799,0
0.014401,0.34403,0
0.53366,0.62776,1
0.44674,0.81111,1
0.14483,0.97483,0
0.83376,0.3401,0
0.61624,0.30376,1
0.089219,0.52153,0
0.82529,0.76393,0
0.94764,0.33355,0
0.38974,0.15041,0
0.3337,0.55368,1
0.55029,0.16042,0
0.11709,0.39855,0
0.83138,0.185,0
0.50079,0.12631,0
0.86463,0.76665,0
0.56435,0.38957,1
0.49014,0.8869,1
0.90505,0.49839,0
0.52923,0.9097,1
0.5786,0.77579,1
0.66139,0.46966,1
0.21977,0.60259,0
0.18426,0.19751,0
0.86199,0.12565,0
0.64558,0.43732,1
0.61261,0.73748,1
0.30328,0.042968,0
0.83551,0.36931,0
0.66134,0.89572,0
0.2741,0.9979,0
0.83435,0.79134,0
0.65661,0.54367,1
0.38668,0.82223,0
0.59533,0.78164,1
0.98767,0.78825,0
0.85292,0.48561,0
0.87376,0.33385,0
0.20532,0.49436,0
0.031209,0.82757,0
0.26426,0.6775,1
0.79386,0.68184,0
0.65076,0.23734,0
0.4774,0.93642,1
0.2411,0.20911,0
0.27247,0.77582,0
0.33141,0.60307,1
0.18401,0.087459,0
0.30892,0.23088,0
0.90919,0.93688,0
0.031879,0.59365,0
0.043818,0.4249,0
0.52158,0.84034,1
0.62503,0.2552,1
0.90469,0.7673,0
0.56267,0.89715,1
0.36808,0.33773,1
0.61886,0.086895,0
0.3755,0.18738,0
0.81053,0.72325,0
0.67467,0.91398,0
0.82096,0.54872,0
0.015542,0.094686,0
0.51476,0.95248,1
0.84306,0.93501,0
0.97341,0.37253,0
0.3209,0.78325,0
0.21222,0.95915,0
0.93023,0.36573,0
0.34491,0.69268,1
0.7166,0.80034,0
0.59367,0.097175,0
0.55951,0.04309,0
0.75763,0.65965,0
0.59946,0.22699,0
0.71371,0.7245,1
0.34422,0.032751,0
0.84362,0.7703,0
0.50965,0.70696,1
0.79117,0.33067,0
0.91368,0.5767,0
0.28791,0.26686,1
0.89018,0.3661,0
0.15002,0.94633,0
0.65084,0.98221,0
0.19383,0.82874,0
0.4938,0.59078,1
0.044891,0.56446,0
0.63354,0.4981,1
0.059624,0.51516,0
0.053195,0.84363,0
0.59467,0.69102,1
0.64723,0.62344,1
0.95386,0.17694,0
0.47491,0.8424,1
0.49696,0.7624,1
0.17988,0.69162,0
0.91442,0.16266,0
0.4281,0.041852,0
0.22575,0.66615,0
0.87134,0.34473,0
0.027252,0.90528,0
0.47106,0.91046,1
0.32798,0.6911,1
0.017448,0.51235,0
0.33181,0.33611,1
0.95335,0.75051,0
0.33392,0.63283,1
0.41555,0.5765,1
0.9595,0.61585,0
0.15058,0.83827,0
0.72617,0.10885,0
0.16135,0.29701,0
0.42358,0.52841,1
0.2751,0.82796,0
0.79278,0.27375,0
0.61569,0.10155,0
0.66996,0.3474,1
0.6695,0.2953,1
0.68043,0.39377,1
0.39182,0.20696,0
0.72452,0.81931,0
0.92647,0.51412,0
0.19314,0.6029,0
0.19818,0.41039,0
0.85307,0.42908,0
0.92566,0.37308,0
0.69825,0.58863,1
0.10087,0.4124,0
0.92471,0.05555,0
0.38405,0.24064,0
0.22781,0.35712,0
0.9241,0.5025,0
0.80324,0.35027,0
0.45868,0.9511,1
0.13298,0.070307,0
0.70608,0.9317,0
0.1089,0.6517,0
0.14606,0.69396,0
0.62561,0.043723,0
0.79792,0.98621,0
0.43674,0.34475,1
0.048806,0.2252,0
0.58101,0.60138,1
0.25252,0.65434,1
0.060096,0.94051,0
0.092531,0.33398,0
0.65105,0.50391,1
0.53093,0.37912,1
0.76891,0.28251,0
0.64927,0.92218,0
0.33067,0.81344,0
0.78764,0.12432,0
0.15739,0.415,0
0.68733,0.6577,1
0.67998,0.0093867,0
0.12861,0.76391,0
0.84192,0.74695,0
0.94452,0.91971,0
0.22307,0.50977,0
0.78774,0.52245,0
0.61739,0.55824,1
0.73099,0.063402,0
0.49279,0.22992,0
0.33739,0.55164,1
0.74369,0.41231,1
0.50762,0.12897,0
0.21484,0.29283,0
0.44997,0.24028,0
0.26326,0.89158,0
0.58614,0.93867,1
0.61808,0.25072,1
0.10254,0.54636,0
0.44265,0.69151,1
0.75944,0.39942,0
0.56741,0.20558,0
0.94353,0.51281,0
0.27625,0.22914,0
0.95293,0.68942,0
0.70787,0.65692,1
0.77897,0.58047,0
0.50323,0.87873,1
0.39295,0.24264,0
0.28163,0.90477,0
0.70268,0.85306,0
0.37868,0.63302,1
0.031557,0.92003,0
0.46975,0.5199,1
0.76631,0.33622,0
0.62599,0.3269,1
0.31111,0.64608,1
0.43369,0.10289,0
0.23615,0.97178,0
0.6989,0.65945,1
0.3261,0.019822,0
0.57047,0.036335,0
0.26474,0.19066,0
0.4493,0.76866,1
0.62794,0.3147,1
0.29204,0.078238,0
0.17194,0.72128,0
0.089449,0.91781,0
0.42968,0.079723,0
0.57214,0.83177,1
0.34737,0.77989,0
0.70834,0.59094,1
0.37699,0.39383,1
0.42831,0.42303,1
0.21892,0.49676,0
0.03987,0.56482,0
0.049143,0.87228,0
0.86002,0.33826,0
0.97403,0.95478,0
0.98862,0.15772,0
0.0029184,0.24818,0
0.34629,0.23334,0
0.75589,0.22593,0
0.44844,0.25944,1
0.34579,0.90295,0
0.012701,0.13222,0
0.38806,0.84062,0
0.21327,0.93523,0
0.9698,0.37526,0
0.98486,0.12209,0
0.76096,0.57936,0
0.62116,0.4899,1
0.22045,0.14413,0
0.63518,0.80242,0
0.66964,0.4716,1
0.94448,0.59148,0
0.22675,0.68384,0
0.32064,0.74892,1
0.99814,0.26973,0
0.93187,0.69639,0
0.095259,0.24587,0
0.93466,0.47978,0
0.88253,0.7793,0
0.018284,0.77076,0
0.6858,0.86767,0
0.58051,0.6261,1
0.11115,0.21369,0
0.03637,0.44454,0
0.32658,0.28729,1
0.49645,0.18171,0
0.93379,0.94018,0
0.59146,0.00080862,0
0.90301,0.68289,0
0.073851,0.99638,0
0.31446,0.80922,0
0.46145,0.58714,1
0.4776,0.55245,1
0.17532,0.58724,0
0.1548,0.44545,0
0.53762,0.4619,1
0.83411,0.99617,0
0.97224,0.74593,0
0.19996,0.036329,0
0.1886,0.57755,0
0.62827,0.36477,1
0.63656,0.89129,0
0.25352,0.28636,1
0.12542,0.52857,0
0.82077,0.29978,0
0.78768,0.43701,0
0.55054,0.98611,1
0.68978,0.97014,0
0.095966,0.89809,0
0.058443,0.12332,0
0.63073,0.3701,1
0.31957,0.79569,0
0.3017,0.60746,1
0.46197,0.29259,1
0.83242,0.57053,0
0.070508,0.26631,0
0.17087,0.56031,0
0.20209,0.49237,0
0.72937,0.955,0
0.76237,0.080068,0
0.93825,0.97447,0
0.60711,0.95749,0
0.33065,0.90122,0
0.00036562,0.48328,0
0.14747,0.31499,0
0.17138,0.59291,0
0.65761,0.34896,1
0.053693,0.047168,0
0.055858,0.071512,0
0.015676,0.97368,0
0.7348,0.75239,0
0.033314,0.11761,0
0.2613,0.89336,0
0.97206,0.99407,0
0.34679,0.2923,1
0.18725,0.74315,0
0.71802,0.18889,0
0.43394,0.045593,0
0.65547,0.78104,0
0.8629,0.78535,0
0.43349,0.34782,1
0.055389,0.81944,0
0.10604,0.006074,0
0.27504,0.94277,0
0.67426,0.38566,1
0.85695,0.67482,0
0.6081,0.43943,1
0.96129,0.82291,0
0.010499,0.14162,0
0.48281,0.58062,1
0.29299,0.43887,1
0.39827,0.13731,0
0.95276,0.36004,0
0.83698,0.041336,0
0.42383,0.075638,0
0.31381,0.94598,0
0.8545,0.17353,0
0.53588,0.29489,1
0.90287,0.081387,0
0.78747,0.17441,0
0.71999,0.23201,0
0.20714,0.21613,0
0.97667,0.38185,0
0.63529,0.046564,0
0.23207,0.87484,0
0.46014,0.0030636,0
0.46494,0.82407,1
0.87189,0.30107,0
0.23601,0.83158,0
0.43775,0.50709,1
0.18547,0.1515,0
0.90681,0.99275,0
0.39008,0.82681,0
0.95406,0.89384,0
0.84101,0.68328,0
0.1718,0.23755,0
0.43429,0.025062,0
0.26865,0.98016,0
0.31269,0.57175,1
0.61166,0.90154,0
0.39604,0.69277,1
0.20449,0.062853,0
0.62239,0.68802,1
0.29679,0.57156,1
0.31622,0.8095,0
0.3655,0.69879,1
0.63343,0.96458,0
0.2008,0.59818,0
0.083703,0.54441,0
0.84615,0.040698,0
0.32936,0.70935,1
0.86031,0.5009,0
0.99476,0.42864,0
0.26735,0.47295,1
0.16085,0.1589,0
0.26834,0.75712,0
0.60917,0.96693,0
0.77332,0.57286,0
0.45022,0.28706,1
0.75239,0.094358,0
0.10679,0.73489,0
0.35459,0.58063,1
0.29886,0.71368,1
0.36049,0.71846,1
0.99532,0.0837,0
0.46821,0.093803,0
0.72517,0.91205,0
0.086414,0.51995,0
0.55263,0.68515,1
0.29965,0.60188,1
0.1985,0.65676,0
0.69836,0.45968,1
0.15766,0.42179,0
0.59605,0.32233,1
0.83073,0.12269,0
0.25118,0.93761,0
0.65521,0.75291,0
0.81086,0.048427,0
0.41471,0.72549,1
0.13904,0.63256,0
0.24683,0.83997,0
0.83667,0.45307,0
0.39476,0.9616,0
0.0081783,0.39844,0
0.48777,0.61814,1
0.07001,0.14269,0
0.65423,0.21832,0
0.11913,0.043137,0
0.16556,0.51111,0
0.86727,0.76626,0
0.13495,0.064921,0
0.67244,0.48221,1
0.49542,0.31348,1
0.3235,0.9091,0
0.45034,0.74864,1
0.18525,0.084922,0
0.20703,0.55892,0
0.6617,0.93921,0
0.040245,0.16366,0
0.43812,0.32567,1
0.089932,0.81032,0
0.39956,0.65531,1
0.56684,0.0031219,0
0.65135,0.3171,1
0.26593,0.46045,1
0.62316,0.80185,0
0.56116,0.024804,0
0.79354,0.27309,0
0.82291,0.68855,0
0.6039,0.38695,1
0.065535,0.99859,0
0.66104,0.22917,0
0.092255,0.24098,0
0.90257,0.21735,0
0.47952,0.90923,1
0.19378,0.44799,0
0.6178,0.59421,1
0.66588,0.26768,1
0.42387,0.79932,1
0.93231,0.46972,0
0.3063,0.43937,1
0.30686,0.27501,1
0.13875,0.16655,0
0.49395,0.086584,0
0.92684,0.14848,0
0.16048,0.71772,0
0.67489,0.35852,1
0.090458,0.008248,0
0.37278,0.78831,0
0.44729,0.099625,0
0.80583,0.65945,0
0.45236,0.53336,1
0.52666,0.62968,1
0.64656,0.19183,0
0.80173,0.19657,0
0.41129,0.23569,0
0.27221,0.0086685,0
0.92828,0.52022,0
0.46413,0.52353,1
0.33681,0.33238,1
0.98829,0.47372,0
0.74686,0.66996,1
0.79559,0.27254,0
0.28392,0.71726,1
0.18464,0.8337,0
0.16967,0.95327,0
0.72255,0.13425,0
0.85309,0.93169,0
0.56418,0.39882,1
0.4416,0.70168,1
0.26004,0.028529,0
0.94797,0.99617,0
0.77948,0.9894,0
0.48755,0.12798,0
0.46437,0.74259,1
0.67339,0.87398,0
0.75825,0.61718,0
0.27482,0.33638,1
0.83572,0.38589,0
0.080347,0.86558,0
0.43537,0.17208,0
0.0042964,0.6525,0
0.36969,0.3761,1
0.44134,0.51612,1
0.30011,0.47832,1
0.0062469,0.17144,0
0.30356,0.74446,1
0.58089,0.70121,1
0.80466,0.85199,0
0.11772,0.65726,0
0.75295,0.70213,0
0.60512,0.038267,0
0.19515,0.33068,0
0.64283,0.2174,0
0.07691,0.98059,0
0.20676,0.98325,0
0.61037,0.24798,0
0.51796,0.71283,1
0.25987,0.11469,0
0.54967,0.2189,0
0.31218,0.97313,0
0.30919,0.94625,0
0.41056,0.010334,0
0.31007,0.15521,0
0.99408,0.45024,0
0.54522,0.26233,1
0.88254,0.10306,0
0.82356,0.42718,0
0.92034,0.52801,0
0.87083,0.35281,0
0.40015,0.59792,1
0.91152,0.13299,0
0.042167,0.40104,0
0.59571,0.91968,1
0.29378,0.54504,1
0.78168,0.3274,0
0.095263,0.44168,0
0.029077,0.67539,0
0.11159,0.19964,0
0.53016,0.62736,1
0.3736,0.60645,1
0.84639,0.70195,0
0.39287,0.57187,1
0.24977,0.72735,0
0.34333,0.078635,0
0.30223,0.3004,1
0.023221,0.17611,0
0.86092,0.65595,0
0.85654,0.27094,0
0.89595,0.20879,0
0.96417,0.41436,0
0.22957,0.81837,0
0.36044,0.50152,1
0.74767,0.83185,0
0.39447,0.096636,0
0.26539,0.79195,0
0.93686,0.56826,0
0.93802,0.59725,0
0.98795,0.76235,0
0.18562,0.51677,0
0.64015,0.86895,0
0.60012,0.99967,0
0.12918,0.29337,0
0.47688,0.12958,0
0.22812,0.18107,0
0.67202,0.32578,1
0.79059,0.54601,0
0.23056,0.68676,0
0.049083,0.5726,0
0.99376,0.36297,0
0.55872,0.92728,1
0.25988,0.83248,0
0.17513,0.87984,0
0.27963,0.84948,0
0.80672,0.18913,0
0.97856,0.25373,0
0.77855,0.81078,0
0.49795,0.91572,1
0.10098,0.13582,0
0.85832,0.018646,0
0.72833,0.81666,0
0.11622,0.48856,0
0.34745,0.77389,0
0.28529,0.8244,0
0.17306,0.86364,0
0.92605,0.1911,0
0.050352,0.54845,0
0.0095179,0.82836,0
0.90854,0.7053,0
0.24333,0.58923,0
0.9389,0.8955,0
0.60623,0.79238,0
0.83617,0.56014,0
0.0006951,0.25128,0
0.43195,0.43065,1
0.87523,0.067641,0
0.33991,0.17706,0
0.24604,0.72782,0
0.2882,0.23734,0
0.13966,0.22073,0
0.81755,0.37823,0
0.66552,0.93581,0
0.42648,0.60516,1
0.96958,0.36465,0
0.66445,0.31476,1
0.88572,0.29554,0
0.29537,0.90708,0
0.49288,0.20714,0
0.025819,0.17021,0
0.30234,0.96144,0
0.78366,0.67326,0
0.84072,0.42085,0
0.70374,0.48129,1
0.82058,0.43739,0
0.85997,0.0088972,0
0.99603,0.2752,0
0.033516,0.1521,0
0.4796,0.88884,1
0.28342,0.78413,0
0.17039,0.73129,0
0.24662,0.081841,0
0.85291,0.68655,0
0.95811,0.98506,0
0.53472,0.90598,1
0.47665,0.88967,1
0.02385,0.12872,0
0.74064,0.39102,1
0.39363,0.60185,1
0.023885,0.38767,0
0.056746,0.68957,0
0.52039,0.076086,0
0.40626,0.43021,1
0.65931,0.21839,0
0.081089,0.46767,0
0.72867,0.61398,1
0.9006,0.25278,0
0.2201,0.2358,0
0.81013,0.70241,0
0.8785,0.71101,0
0.66108,0.43958,1
0.56279,0.99031,1
0.95732,0.33682,0
0.15546,0.41708,0
0.55448,0.029752,0
0.86671,0.89441,0
0.49719,0.20929,0
0.7216,0.69972,1
0.46075,0.17059,0
0.79437,0.8885,0
0.14251,0.93967,0
0.00026086,0.43881,0
0.011168,0.23452,0
0.70698,0.69416,1
0.26512,0.32657,1
0.093234,0.041599,0
0.75928,0.32487,0
0.52182,0.95189,1
0.66898,0.47312,1
0.64937,0.66564,1
0.23015,0.80489,0
0.50279,0.43403,1
0.70903,0.55526,1
0.255,0.075201,0
0.5891,0.67424,1
0.58801,0.5337,1
0.47262,0.32381,1
0.43099,0.7649,1
0.99646,0.26502,0
0.79207,0.13461,0
0.035536,0.45395,0
0.56298,0.23088,0
0.14476,0.6771,0
0.35407,0.51047,1
0.69471,0.59529,1
0.50611,0.7764,1
0.6852,0.31949,1
0.83214,0.66082,0
0.58707,0.019078,0
0.83695,0.114,0
0.84042,0.3375,0
0.42944,0.79378,1
0.14157,0.6081,0
0.93063,0.63644,0
0.047771,0.69835,0
0.25711,0.6909,1
0.36318,0.54188,1
0.22214,0.90549,0
0.37354,0.078816,0
0.03093,0.6269,0
0.937,0.31994,0
0.74517,0.28893,1
0.12435,0.51408,0
0.38751,0.97861,0
0.29182,0.59234,1
0.57136,0.61586,1
0.56091,0.27986,1
0.15185,0.73301,0
0.039699,0.80162,0
0.40642,0.83001,1
0.97104,0.42248,0
0.053905,0.78704,0
0.63008,0.50882,1
0.56769,0.30919,1
0.74714,0.33666,1
0.88335,0.33366,0
0.79601,0.80478,0
0.050239,0.40251,0
0.96519,0.41438,0
0.33052,0.63637,1
0.85803,0.78828,0
0.53841,0.74167,1
0.73972,0.44479,1
0.85041,0.49453,0
0.94816,0.79779,0
0.13304,0.23777,0
0.12772,0.53412,0
0.056697,0.46857,0
0.98269,0.68222,0
0.8709,0.49621,0
0.28766,0.18302,0
0.96122,0.75626,0
0.95035,0.67127,0
0.18605,0.28984,0
0.058208,0.044066,0
0.27956,0.17047,0
0.6771,0.90242,0
0.35199,0.10016,0
0.793,0.46843,0
0.68734,0.68308,1
0.42144,0.65934,1
0.63343,0.52515,1
0.19128,0.51191,0
0.74833,0.41983,1
0.73748,0.68647,1
0.95573,0.30791,0
0.3423,0.38703,1
0.026176,0.63355,0
0.56525,0.36551,1
0.42146,0.4622,1
0.31444,0.22566,0
0.11594,0.13397,0
0.94652,0.49243,0
0.74821,0.31094,1
0.0077053,0.61562,0
0.35757,0.64883,1
0.84598,0.10135,0
0.5883,0.58238,1
0.5218,0.4546,1
0.9667,0.18231,0
0.55939,0.62647,1
0.03013,0.64227,0
0.83816,0.39514,0
0.43734,0.084883,0
0.58138,0.87168,1
0.20691,0.09461,0
0.18795,0.66784,0
0.73242,0.63101,1
0.46821,0.31436,1
0.64147,0.56203,1
0.66373,0.12488,0
0.67403,0.68031,1
0.93012,0.82882,0
0.1781,0.94924,0
0.19962,0.21768,0
0.0085219,0.30063,0
0.27447,0.58645,1
0.39655,0.1864,0
0.39282,0.15459,0
0.8323,0.14975,0
0.67955,0.75009,0
0.01489,0.14225,0
0.030656,0.8087,0
0.047146,0.66618,0
0.45603,0.803,1
0.35844,0.025334,0
0.21859,0.71091,0
0.54892,0.86969,1
0.73884,0.10323,0
0.97143,0.73871,0
0.013858,0.67912,0
0.4855,0.034718,0
0.11444,0.076625,0
0.60782,0.23347,0
0.14201,0.53017,0
0.9303,0.6169,0
0.68989,0.23443,0
0.20684,0.037366,0
0.66336,0.50725,1
0.4858,0.8617,1
0.96551,0.75969,0
0.24668,0.67627,0
0.75931,0.58619,0
0.82244,0.92684,0
0.63757,0.018938,0
0.18434,0.026741,0
0.935,0.48447,0
0.79479,0.45684,0
0.49421,0.42571,1
0.89177,0.87429,0
0.63315,0.29228,1
0.29168,0.2455,0
0.70435,0.77461,0
0.82265,0.80619,0
0.25377,0.8005,0
0.62971,0.2315,0
0.38108,0.4532,1
0.50056,0.54057,1
0.34515,0.29143,1
0.70353,0.93408,0
0.59417,0.59309,1
0.73873,0.37264,1
0.45327,0.50938,1
0.92871,0.45079,0
0.63743,0.45936,1
0.55377,0.041233,0
0.8022,0.67151,0
0.20033,0.014586,0
0.76317,0.56751,0
0.65421,0.63474,1
0.73433,0.88733,0
0.66591,0.12067,0
0.71374,0.44723,1
0.64098,0.6489,1
0.67838,0.058828,0
0.22395,0.16798,0
0.92853,0.51523,0
0.67336,0.6678,1
0.081461,0.22507,0
0.28419,0.91376,0
0.2291,0.24862,0
0.67629,0.64849,1
0.70368,0.8371,0
0.7273,0.019434,0
0.58375,0.92088,1
0.091678,0.55456,0
0.9308,0.19945,0
0.52532,0.12674,0
0.74873,0.31467,1
0.18717,0.9804,0
0.71283,0.82565,0
0.68322,0.6894,1
0.53088,0.18885,0
0.49302,0.55954,1
0.82828,0.20287,0
0.52775,0.80781,1
0.3551,0.54776,1
0.71744,0.20251,0
0.64376,8.9016e-05,0
0.51318,0.56983,1
0.0070367,0.89247,0
0.83319,0.77517,0
0.78814,0.37363,0
0.15231,0.35226,0
0.6451,0.93194,0
0.093321,0.73878,0
0.055267,0.75716,0
0.46349,0.045004,0
0.84203,0.16471,0
0.11507,0.27156,0
0.31439,0.60609,1
0.67747,0.98764,0
0.99326,0.75754,0
0.27506,0.95401,0
0.41108,0.21662,0
0.62913,0.014869,0
0.0433,0.18026,0
0.20047,0.71936,0
0.44287,0.84549,1
0.38979,0.83755,0
0.74842,0.58386,1
0.16057,0.52884,0
0.46267,0.37954,1
0.09323,0.25915,0
0.33584,0.37511,1
0.14626,0.31677,0
0.28123,0.82012,0
0.34209,0.872,0
0.26803,0.77543,0
0.60921,0.017969,0
0.70151,0.015752,0
0.68389,0.8779,0
0.43181,0.63134,1
0.58604,0.22741,0
0.78465,0.28764,0
0.92438,0.29848,0
0.5363,0.33365,1
0.23729,0.54524,0
0.10769,0.13716,0
0.094427,0.31088,0
0.81264,0.51356,0
0.86648,0.98049,0
0.32665,0.21962,0
0.51822,0.35301,1
0.85948,0.26002,0
0.84372,0.5828,0
0.71941,0.34352,1
0.0092739,0.19245,0
0.50739,0.024242,0
0.55004,0.27618,1
0.69624,0.88135,0
0.024681,0.34121,0
0.42141,0.080011,0
0.079354,0.072376,0
0.90034,0.96931,0
0.39131,0.31359,1
0.55331,0.79205,1
0.79831,0.86326,0
0.79796,0.0063764,0
0.9199,0.017962,0
0.029416,0.71145,0
0.53841,0.52459,1
0.50224,0.065672,0
0.23004,0.11704,0
0.98977,0.070516,0
0.060024,0.66158,0
0.34406,0.12851,0
0.63714,0.74649,1
0.80527,0.26903,0
0.43398,0.40181,1
0.60814,0.77009,0
0.94112,0.13146,0
0.25572,0.37831,1
0.99374,0.34095,0
0.89955,0.23748,0
0.22,0.99108,0
0.95111,0.63822,0
0.50413,0.35812,1
0.76845,0.78436,0
0.028918,0.052441,0
0.32342,0.79969,0
0.63023,0.9828,0
0.15825,0.61668,0
0.30872,0.085079,0
0.87683,0.5907,0
0.30312,0.16807,0
0.33988,0.067446,0
0.65349,0.24429,0
0.75792,0.29901,0
0.41882,0.055832,0
0.030856,0.18658,0
0.27091,0.066243,0
0.33349,0.049906,0
0.10131,0.07187,0
0.90451,0.3118,0
0.59177,0.37763,1
0.95156,0.7424,0
0.88709,0.5989,0
0.68963,0.39112,1
0.22327,0.13126,0
0.17248,0.9386,0
0.034482,0.87956,0
0.52233,0.80825,1
0.44758,0.34654,1
0.75715,0.36021,0
0.55661,0.88872,1
0.84016,0.24403,0
0.43562,0.82855,1
0.1527,0.75795,0
0.87651,0.50212,0
0.57027,0.85148,1
0.98464,0.79021,0
0.35068,0.5019,1
0.25521,0.50987,1
0.07862,0.055899,0
0.63499,0.6169,1
0.081473,0.60952,0
0.54467,0.85592,1
0.64269,0.27163,1
0.10675,0.060513,0
0.62188,0.69907,1
0.27494,0.42197,1
0.36582,0.082159,0
0.06977,0.12089,0
0.67785,0.21894,0
0.23728,0.0086346,0
0.72711,0.56103,1
0.55197,0.74225,1
0.82463,0.39339,0
0.13594,0.19574,0
0.7203,0.66963,1
0.05985,0.38428,0
0.49124,0.77416,1
0.14781,0.48553,0
0.071835,0.78744,0
0.39373,0.23616,0
0.080568,0.079005,0
0.92743,0.20472,0
0.95658,0.33974,0
0.95997,0.34315,0
0.063423,0.61247,0
0.55561,0.90645,1
0.20123,0.78769,0
0.34772,0.97215,0
0.83605,0.71181,0
0.2149,0.015448,0
0.21004,0.53647,0
0.10846,0.85376,0
0.91085,0.33373,0
0.46914,0.0028969,0
0.31091,0.48522,1
0.26217,0.68311,1
0.91119,0.5705,0
0.26528,0.92847,0
0.064245,0.6263,0
0.94828,0.51639,0
0.9567,0.27202,0
0.52699,0.91119,1
0.21469,0.82679,0
0.13833,0.43775,0
0.87528,0.70431,0
0.49702,0.6096,1
0.077828,0.24143,0
0.025784,0.84648,0
0.014863,0.55042,0
0.11967,0.58795,0
0.62221,0.74702,1
0.30993,0.9165,0
0.78227,0.10105,0
0.2811,0.90751,0
0.11109,0.78982,0
0.10228,0.76794,0
0.66206,0.7731,0
0.93198,0.17688,0
0.020422,0.83364,0
0.47319,0.10865,0
0.089054,0.11513,0
0.16797,0.97251,0
0.286,0.59902,1
0.85221,0.24478,0
0.72717,0.40079,1
0.3106,0.6538,1
0.39183,0.11934,0
0.97854,0.51825,0
0.50777,0.32502,1
0.19727,0.86289,0
0.26787,0.53868,1
0.55147,0.96326,1
0.26958,0.26572,1
0.30999,0.5573,1
0.37819,0.24577,0
0.67618,0.26129,1
0.96149,0.49758,0
0.42777,0.56779,1
0.61304,0.80699,0
0.88078,0.15998,0
0.089177,0.31313,0
0.60735,0.37874,1
0.92554,0.057013,0
0.99402,0.66696,0
0.61715,0.14789,0
0.028996,0.57247,0
0.029982,0.71153,0
0.21404,0.25519,0
0.95859,0.18189,0
0.79846,0.040043,0
0.30916,0.96709,0
0.26699,0.12188,0
0.60738,0.64535,1
0.87442,0.89733,0
0.053178,0.75951,0
0.8589,0.48172,0
0.075096,0.090721,0
0.20022,0.77829,0
0.40728,0.82704,1
0.14797,0.73291,0
0.14989,0.83843,0
0.54537,0.96117,1
0.075495,0.93383,0
0.35942,0.06693,0
0.96593,0.64945,0
0.42062,0.59644,1
0.34709,0.21763,0
0.037841,0.15343,0
0.37338,0.87682,0
0.44115,0.63777,1
0.38781,0.8372,0
0.76632,0.12558,0
0.092661,0.66032,0
0.37767,0.10779,0
0.62381,0.6216,1
0.91163,0.60613,0
0.48535,0.57674,1
0.9821,0.51857,0
0.3487,0.98287,0
0.99201,0.89616,0
0.74158,0.66474,1
0.73336,0.43592,1
0.39963,0.21789,0
0.88163,0.94207,0
0.94895,0.10644,0
0.057975,0.16372,0
0.52747,0.069748,0
0.010146,0.09168,0
0.60744,0.056085,0
0.6581,0.57582,1
0.073835,0.24157,0
0.3512,0.12674,0
0.73941,0.44568,1
0.017612,0.68171,0
0.88083,0.13982,0
0.81085,0.25286,0
0.024386,0.53072,0
0.93485,0.76933,0
0.40475,0.71781,1
0.48132,0.44118,1
0.94236,0.57878,0
0.78361,0.71481,0
0.14217,0.69292,0
0.39365,0.12777,0
0.6409,0.49751,1
0.063973,0.52354,0
0.31454,0.85489,0
0.0090151,0.20259,0
0.8806,0.21805,0
0.31769,0.34396,1
0.80008,0.57108,0
0.81324,0.08618,0
0.19214,0.6295,0
0.063863,0.74296,0
0.6034,0.79844,0
0.16059,0.73793,0
0.75704,0.88131,0
0.42924,0.18748,0
0.30303,0.32076,1
0.44201,0.36188,1
0.6256,0.93883,0
0.2869,0.2446,0
0.92085,0.92622,0
0.30994,0.076475,0
0.78088,0.13075,0
0.46148,0.44017,1
0.605,0.12702,0
0.59904,0.13213,0
0.11534,0.44107,0
0.2711,0.94411,0
0.51664,0.44529,1
0.30859,0.4696,1
0.77944,0.16881,0
0.022451,0.70873,0
0.60515,0.41368,1
0.91477,0.47718,0
0.91622,0.49691,0
0.92755,0.70365,0
0.69464,0.0045936,0
0.54022,0.41297,1
0.62813,0.54354,1
0.216,0.5521,0
0.86275,0.0049393,0
0.12508,0.77507,0
0.020386,0.14263,0
0.32041,0.90475,0
0.61416,0.015898,0
0.31139,0.19277,0
0.27547,0.02671,0
0.83064,0.76428,0
0.72116,0.82272,0
0.76454,0.12057,0
0.38433,0.027923,0
0.0013045,0.006998,0
0.16778,0.15044,0
0.51549,0.41888,1
0.59381,0.27698,1
0.59283,0.58514,1
0.12159,0.078594,0
0.032066,0.16817,0
0.52417,0.84137,1
0.30641,0.19116,0
0.065119,0.94601,0
0.24477,0.6254,0
0.20667,0.24174,0
0.74341,0.156,0
0.82317,0.093985,0
0.9798,0.65322,0
0.28411,0.86723,0
0.03014,0.76094,0
0.89618,0.61887,0
0.72075,0.46385,1
0.75889,0.007142,0
0.19349,0.091452,0
0.16793,0.94225,0
0.84943,0.13728,0
0.66073,0.03849,0
0.14816,0.18476,0
0.64536,0.85655,0
0.85338,0.49404,0
0.78088,0.27465,0
0.96738,0.99053,0
0.084449,0.32979,0
0.2683,0.21592,0
0.76702,0.36505,0
0.15402,0.16502,0
0.89336,0.94579,0
0.51747,0.018373,0
0.41931,0.12209,0
0.95185,0.27018,0
0.89365,0.89519,0
0.77553,0.90882,0
0.01668,0.95929,0
0.075253,0.28513,0
0.48812,0.97057,1
0.56811,0.27397,1
0.12908,0.15519,0
0.26881,0.43389,1
0.3959,0.42525,1
0.61439,0.44681,1
0.012023,0.034271,0
0.39877,0.97945,0
0.54277,0.91239,1
0.32416,0.29052,1
0.87897,0.77914,0
0.39441,0.88233,0
0.42567,0.46638,1
0.42493,0.45521,1
0.69542,0.095578,0
0.73346,0.13002,0
0.49653,0.25966,1
0.59167,0.22762,0
0.95512,0.06301,0
0.18325,0.62424,0
0.29141,0.13719,0
0.18893,0.95662,0
0.29661,0.2372,0
0.66016,0.004296,0
0.078168,0.30958,0
0.22397,0.69529,0
0.70023,0.85182,0
0.55906,0.57033,1
0.53092,0.85889,1
0.44635,0.38338,1
0.59536,0.30504,1
0.10111,0.37194,0
0.22216,0.64323,0
0.77666,0.43003,0
0.62106,0.27907,1
0.47805,0.31474,1
0.82717,0.74316,0
0.14431,0.068265,0
0.53214,0.74396,1
0.83573,0.72066,0
0.88762,0.16285,0
0.20124,0.88196,0
0.46196,0.18705,0
0.72488,0.88355,0
0.79801,0.84297,0
0.53805,0.20959,0
0.53045,0.8433,1
0.21534,0.71673,0
0.86267,0.47126,0
0.4605,0.94253,1
0.62834,0.80639,0
0.40154,0.32139,1
0.37881,0.71897,1
0.19306,0.48999,0
0.12077,0.13992,0
0.9472,0.63094,0
0.43866,0.70776,1
0.52965,0.65243,1
0.77818,0.61802,0
0.50209,0.48537,1
0.11015,0.91655,0
0.43262,0.427,1
0.029286,0.51043,0
0.9637,0.27535,0
0.74341,0.1168,0
0.76933,0.76572,0
0.54077,0.16932,0
0.93012,0.20821,0
0.019761,0.60161,0
0.60737,0.46885,1
0.59631,0.72346,1
0.40811,0.59761,1
0.42571,0.12184,0
0.34995,0.54675,1
0.1271,0.081497,0
0.28946,0.67682,1
0.45704,0.49922,1
0.058478,0.073606,0
0.33788,0.33607,1
0.98496,0.75166,0
0.64653,0.88287,0
0.51189,0.3762,1
0.88376,0.24576,0
0.164,0.6586,0
0.25562,0.1576,0
0.27661,0.29871,1
0.0059043,0.22865,0
0.67012,0.98167,0
0.25615,0.61917,1
0.97183,0.49217,0
0.30103,0.5971,1
0.54338,0.12977,0
0.55222,0.14906,0
0.25855,0.52871,1
0.81338,0.71853,0
0.50082,0.89398,1
0.95072,0.46236,0
0.2876,0.92637,0
0.49633,0.87733,1
0.21324,0.1144,0
0.12432,0.5741,0
0.46637,0.37404,1
0.75462,0.4556,0
0.70603,0.92951,0
0.82047,0.039848,0
0.96619,0.88797,0
0.63877,0.010954,0
0.97726,0.38553,0
0.39966,0.51029,1
0.55163,0.95889,1
0.8554,0.47671,0
0.87782,0.38988,0
0.049163,0.30743,0
0.32021,0.4613,1
0.48813,0.70674,1
0.3673,0.94144,0
0.26819,0.7454,1
0.90907,0.58455,0
0.9065,0.056683,0
0.55674,0.0029614,0
0.15316,0.40749,0
0.23345,0.53531,0
0.31161,0.70863,1
0.58706,0.23919,0
0.064059,0.0033692,0
0.18907,0.4912,0
0.61647,0.12278,0
0.13303,0.31418,0
0.087855,0.40879,0
0.28232,0.63059,1
0.21976,0.65425,0
0.19347,0.0946,0
0.91836,0.55824,0
0.41764,0.11045,0
0.55274,0.11128,0
0.23602,0.13865,0
0.32824,0.34644,1
0.92876,0.88832,0
0.79004,0.07447,0
0.4198,0.39672,1
0.41293,0.97395,1
0.2379,0.10858,0
0.80003,0.044813,0
0.95996,0.80164,0
0.9606,0.76575,0
0.60823,0.98904,0
0.56256,0.49589,1
0.25304,0.19596,0
0.49273,0.71088,1
0.98762,0.33462,0
0.22017,0.34528,0
0.091606,0.6316,0
0.37819,0.88736,0
0.42653,0.89077,1
0.22423,0.79693,0
0.85828,0.4271,0
0.58886,0.091699,0
0.25058,0.59377,1
0.52058,0.91405,1
0.66329,0.49965,1
0.6348,0.08636,0
0.040807,0.75156,0
0.32376,0.066491,0
0.92326,0.054361,0
0.067943,0.57353,0
0.4392,0.027369,0
0.049699,0.23855,0
0.1273,0.63033,0
0.47641,0.11,0
0.43543,0.90188,1
0.56583,0.73064,1
0.98096,0.58821,0
0.50316,0.53159,1
0.60629,0.76432,0
0.60062,0.72259,1
0.43521,0.64652,1
0.1767,0.87648,0
0.25169,0.35648,1
0.30335,0.96776,0
0.19229,0.097864,0
0.69379,0.096024,0
0.19939,0.60705,0
0.70971,0.89053,0
0.60264,0.86245,0
0.67596,0.785,0
0.53665,0.0044474,0
0.19861,0.43872,0
0.55829,0.38513,1
0.64686,0.58567,1
0.76633,0.17463,0
0.50311,0.38267,1
0.9772,0.93608,0
0.89274,0.44353,0
0.75153,0.9094,0
0.37332,0.11629,0
0.52512,0.34113,1
0.8494,0.18623,0
0.20874,0.53043,0
0.084285,0.24077,0
0.63455,0.11108,0
0.60734,0.88976,0
0.49069,0.31351,1
0.76214,0.95453,0
0.64588,0.48532,1
0.43818,0.18638,0
0.44313,0.48812,1
0.86113,0.71646,0
0.62033,0.089774,0
0.11176,0.57559,0
0.46166,0.54545,1
0.038012,0.57929,0
0.62898,0.48193,1
0.16053,0.75438,0
0.7935,0.29137,0
0.50761,0.23799,0
0.19268,0.8087,0
0.066673,0.19586,0
0.97478,0.57509,0
0.58321,0.95002,1
0.10004,0.87873,0
0.89145,0.21404,0
0.16695,0.64613,0
0.18034,0.11655,0
0.36533,0.40238,1
0.08981,0.68377,0
0.54689,0.98596,1
0.21275,0.91899,0
0.66516,0.74348,1
0.37846,0.47477,1
0.10626,0.88378,0
0.4451,0.66823,1
0.72822,0.28564,1
0.59369,0.37053,1
0.79564,0.073534,0
0.99274,0.77603,0
0.0073705,0.88895,0
0.86412,0.69759,0
0.88499,0.46564,0
0.37156,0.083022,0
0.99722,0.86983,0
7.0261e-05,0.67998,0
0.65488,0.41181,1
0.47637,0.38827,1
0.45206,0.02676,0
0.42529,0.10581,0
0.043111,0.55612,0
0.61129,0.73883,1
0.25692,0.72626,1
0.71325,0.50376,1
0.89277,0.77939,0
0.49486,0.76151,1
0.66704,0.97811,0
0.11707,0.86932,0
0.56786,0.12015,0
0.97033,0.83997,0
0.062317,0.27807,0
0.40963,0.62681,1
0.9191,0.41515,0
0.7115,0.97087,0
0.43547,0.63538,1
0.90156,0.87158,0
0.14272,0.2006,0
0.62093,0.77503,0
0.24681,0.36945,0
0.3411,0.45639,1
0.17082,0.74561,0
0.097978,0.89027,0
0.082094,0.78152,0
0.84868,0.45088,0
0.60533,0.35447,1
0.7591,0.58944,0
0.61157,0.84317,0
0.45699,0.88279,1
0.49357,0.62285,1
0.56217,0.72166,1
0.54677,0.78444,1
0.44635,0.91191,1
0.086587,0.99894,0
0.72758,0.55841,1
0.14282,0.83764,0
0.72525,0.41738,1
0.27317,0.31471,1
0.5817,0.68936,1
0.86387,0.21086,0
0.50675,0.42505,1
0.2397,0.75752,0
0.79191,0.38588,0
0.31805,0.48093,1
0.27851,0.15804,0
0.39541,0.28546,1
0.24305,0.64252,0
0.95692,0.18634,0
0.90952,0.56874,0
0.19352,0.70424,0
0.65158,0.3319,1
0.52157,0.024763,0
0.022273,0.79852,0
0.10781,0.68881,0
0.77503,0.79149,0
0.70947,0.94654,0
0.29802,0.99582,0
0.55445,0.65609,1
0.94535,0.22464,0
0.98152,0.17062,0
0.94106,0.95696,0
0.17501,0.05431,0
0.26821,0.54601,1
0.77519,0.60376,0
0.3161,0.43335,1
0.84278,0.62613,0
0.27255,0.51453,1
0.8884,0.1743,0
0.82007,0.18119,0
0.097264,0.031315,0
0.010176,0.96745,0
0.88804,0.049685,0
0.67021,0.97662,0
0.22027,0.084059,0
0.35886,0.73318,1
0.60214,0.45137,1
0.9128,0.0031773,0
0.51008,0.14446,0
0.50465,0.56821,1
0.64217,0.20693,0
0.34019,0.32747,1
0.61496,0.59119,1
0.68792,0.16644,0
0.65223,0.76864,0
0.39577,0.39626,1
0.69212,0.23767,0
0.94888,0.13575,0
0.51152,0.041431,0
0.31241,0.32177,1
0.94832,0.20734,0
0.48934,0.44468,1
0.82085,0.01748,0
0.78852,0.54079,0
0.045476,0.51385,0
0.44562,0.49136,1
0.65989,0.50537,1
0.74186,0.94385,0
0.79933,0.43773,0
0.090313,0.93357,0
0.37838,0.75892,0
0.80379,0.80424,0
0.59579,0.32499,1
0.74835,0.47647,1
0.51559,0.48009,1
0.42402,0.17602,0
0.28056,0.87767,0
0.87386,0.48959,0
0.60628,0.71769,1
0.14002,0.58305,0
0.195,0.063338,0
0.063902,0.93987,0
0.52018,0.15012,0
0.64659,0.58378,1
0.31233,0.67214,1
0.39706,0.21952,0
0.24082,0.38638,0
0.033501,0.34672,0
0.55204,0.55844,1
0.066815,0.58194,0
0.47586,0.66194,1
0.7861,0.19003,0
0.96151,0.53506,0
0.91452,0.64566,0
0.15347,0.052182,0
0.015051,0.19636,0
0.52771,0.14767,0
0.073134,0.55484,0
0.98128,0.16286,0
0.1566,0.16367,0
0.07849,0.7184,0
0.44627,0.51012,1
0.60514,0.88307,0
0.12192,0.29026,0
0.062342,0.14353,0
0.067965,0.18509,0
0.76868,0.89768,0
0.51827,0.84463,1
0.22876,0.42837,0
0.36829,0.69605,1
0.94438,0.21789,0
0.753,0.51984,0
0.76007,0.88087,0
0.23748,0.93969,0
0.027152,0.56151,0
0.89045,0.16699,0
0.42524,0.3269,1
0.56759,0.82699,1
0.39168,0.62135,1
0.96515,0.82847,0
0.8134,0.95509,0
0.18312,0.67043,0
0.7356,0.81955,0
0.68102,0.33006,1
0.034692,0.12019,0
0.28371,0.83824,0
0.90135,0.44995,0
0.98854,0.033789,0
0.85945,0.52856,0
0.97546,0.87722,0
0.16134,0.35338,0
0.058007,0.44412,0
0.44109,0.3267,1
0.9144,0.49456,0
0.71024,0.66464,1
0.83178,0.25804,0
0.76924,0.41057,0
0.055657,0.87065,0
0.9723,0.11698,0
0.50831,0.75557,1
0.10999,0.033864,0
0.4411,0.12978,0
0.9716,0.94015,0
0.93312,0.98376,0
0.69304,0.70248,1
0.37131,0.064106,0
0.44345,0.54299,1
0.54016,0.78628,1
0.60141,0.94701,0
0.63122,0.87884,0
0.12269,0.81355,0
0.9776,0.23124,0
0.91274,0.67637,0
0.72507,0.68579,1
0.79672,0.52963,0
0.75464,0.50355,0
0.90704,0.12361,0
0.85223,0.17505,0
0.76417,0.45933,0
0.60606,0.36404,1
0.40195,0.73007,1
0.95513,0.8788,0
0.60973,0.96777,0
0.63414,0.77726,0
0.8985,0.22657,0
0.10127,0.82826,0
0.42447,0.7271,1
0.93675,0.29653,0
0.3122,0.5497,1
0.55258,0.6404,1
0.59665,0.16117,0
0.41791,0.36906,1
0.080265,0.23631,0
0.99434,0.9093,0
0.79079,0.13515,0
0.55034,0.053838,0
0.67655,0.82228,0
0.9114,0.14721,0
0.30486,0.77987,0
0.48723,0.54917,1
0.87822,0.98829,0
0.019152,0.35132,0
0.53465,0.74782,1
0.97001,0.69514,0
0.27327,0.95114,0
0.90767,0.45742,0
0.73317,0.55824,1
0.99389,0.3893,0
0.88168,0.89327,0
0.386,0.72755,1
0.91265,0.90413,0
0.081452,0.033342,0
0.57241,0.0092902,0
0.19833,0.02068,0
0.79227,0.19083,0
0.95208,0.77023,0
0.81657,0.42605,0
0.30022,0.68029,1
0.85852,0.87179,0
0.89706,0.84359,0
0.48515,0.48854,1
0.065334,0.45698,0
0.59556,0.11008,0
0.34378,0.26407,1
0.58018,0.43539,1
0.4151,0.054213,0
0.2597,0.24418,0
0.7091,0.65885,1
0.11918,0.12922,0
0.077969,0.73524,0
0.55615,0.83437,1
0.10612,0.25656,0
0.054124,0.65655,0
0.27744,0.70913,1
0.1303,0.524,0
0.04589,0.10131,0
0.46894,0.71065,1
0.60135,0.20492,0
0.61879,0.69915,1
0.31483,0.80479,0
0.17802,0.24131,0
0.59473,0.86823,1
0.81867,0.59008,0
0.0022878,0.94453,0
0.79248,0.39933,0
0.87345,0.6744,0
0.24237,0.16844,0
0.86112,0.32664,0
0.32515,0.40017,1
0.76351,0.16407,0
0.68829,0.64332,1
0.82135,0.37855,0
0.1119,0.85948,0
0.71318,0.57501,1
0.74114,0.75367,0
0.55509,0.80091,1
0.67035,0.53511,1
0.68593,0.95518,0
0.62775,0.81913,0
0.18897,0.75148,0
0.22158,0.41645,0
0.79087,0.39996,0
0.045109,0.20105,0
0.042863,0.63916,0
0.25176,0.41988,1
0.17184,0.88446,0
0.34101,0.20512,0
0.79539,0.02447,0
0.03978,0.52982,0
0.93337,0.60221,0
0.60118,0.64387,1
0.92193,0.21926,0
0.8849,0.048822,0
0.81204,0.032592,0
0.41504,0.59467,1
0.1968,0.79609,0
0.21099,0.17441,0
0.61384,0.94106,0
0.66156,0.2149,0
0.91359,0.3802,0
0.034982,0.22735,0
0.90689,0.86899,0
0.58247,0.56079,1
0.0010886,0.12686,0
0.21464,0.82682,0
0.38761,0.31808,1
0.26178,0.29652,1
0.42818,0.19241,0
0.56748,0.65767,1
0.68558,0.35374,1
0.95679,0.24374,0
0.74827,0.39023,1
0.84476,0.37198,0
0.70761,0.34566,1
0.87716,0.75053,0
0.43443,0.40066,1
0.37294,0.44325,1
0.38031,0.072712,0
0.44028,0.60653,1
0.30478,0.40664,1
0.10101,0.47688,0
0.29241,0.016283,0
0.88442,0.21031,0
0.68364,0.15439,0
0.97432,0.50266,0
0.89141,0.72649,0
0.49718,0.60721,1
0.34929,0.52621,1
0.79692,0.27368,0
0.29268,0.34815,1
0.87597,0.093319,0
0.20668,0.30276,0
0.35152,0.72675,1
0.88633,0.051926,0
0.078559,0.014486,0
0.19334,0.026289,0
0.46877,0.24338,0
0.91992,0.71583,0
0.48865,0.078074,0
0.53007,0.66605,1
0.60771,0.41955,1
0.1108,0.81661,0
0.2493,0.50918,0
0.80413,0.50983,0
0.3027,0.86193,0
0.057394,0.73076,0
0.90088,0.46404,0
0.46936,0.15381,0
0.96179,0.87625,0
0.48863,0.40708,1
0.12658,0.92543,0
0.0055811,0.18639,0
0.32406,0.050187,0
0.14454,0.72937,0
0.48228,0.33806,1
0.23677,0.45086,0
0.18545,0.32425,0
0.26397,0.83008,0
0.69636,0.33354,1
0.58023,0.28784,1
0.26397,0.2599,1
0.67708,0.51983,1
0.076754,0.055845,0
0.25873,0.43993,1
0.28429,0.67877,1
0.94958,0.77396,0
0.63614,0.75358,0
0.74682,0.58603,1
0.77306,0.39249,0
0.60529,0.24743,0
0.2902,0.019333,0
0.34731,0.1418,0
0.41153,0.15307,0
0.82901,0.7392,0
0.09887,0.82063,0
0.22711,0.10694,0
0.66278,0.95458,0
0.81456,0.62325,0
0.32827,0.27737,1
0.43438,0.3503,1
0.87776,0.0061545,0
0.69645,0.33806,1
0.30498,0.6481,1
0.92115,0.89307,0
0.99718,0.072884,0
0.12962,0.98157,0
0.090242,0.68616,0
0.92896,0.14182,0
0.88442,0.019762,0
0.34269,0.23831,0
0.98456,0.8466,0
0.79451,0.90028,0
0.7801,0.83651,0
0.32109,0.74275,1
0.66449,0.28918,1
0.33737,0.90864,0
0.032251,0.69636,0
0.20877,0.82415,0
0.21823,0.099642,0
0.61951,0.10381,0
0.79906,0.90293,0
0.31251,0.28159,1
0.0067819,0.49587,0
0.98848,0.73794,0
0.31072,0.60041,1
0.78168,0.11153,0
0.57933,0.87037,1
0.68978,0.24297,0
0.34272,0.54544,1
0.067573,0.41045,0
0.23751,0.48897,0
0.80607,0.37785,0
0.51798,0.094598,0
0.9091,0.20763,0
0.38206,0.66028,1
0.75837,0.17307,0
0.51738,0.99534,1
0.70761,0.080567,0
0.043308,0.49116,0
0.4466,0.4868,1
0.16589,0.36066,0
0.88072,0.74435,0
0.41677,0.90735,1
0.094307,0.18133,0
0.94659,0.10085,0
0.38804,0.28922,1
0.073087,0.19461,0
0.41749,0.29293,1
0.70214,0.23971,0
0.95948,0.30546,0
0.15492,0.55551,0
0.79054,0.44387,0
0.99582,0.43659,0
0.30444,0.24651,0
0.96083,0.22288,0
0.39561,0.22452,0
0.27002,0.41844,1
0.99774,0.91103,0
0.55043,0.59634,1
0.079145,0.57664,0
0.89817,0.46331,0
0.3984,0.10446,0
0.65224,0.9917,0
0.67807,0.42848,1
0.6548,0.58875,1
0.74505,0.64087,1
0.50368,0.93804,1
0.60534,0.63892,1
0.70266,0.86095,0
0.37966,0.71212,1
0.52352,0.36349,1
0.43468,0.6876,1
